{
  "parent": "AJournalEntryWrapper",
  "name": "ABaseQuestObjectiveWrapper",
  "flags": 5,
  "props": [
    {
      "type": "whandle:gameJournalQuestObjectiveBase",
      "name": "questObjective",
      "flags": 4297195552
    },
    {
      "type": "gameJournalEntryState",
      "name": "objectiveStatus",
      "flags": 4297195552
    },
    {
      "type": "Bool",
      "name": "isTracked",
      "flags": 4297195552
    },
    {
      "type": "Int32",
      "name": "currentCounter",
      "flags": 4297195552
    },
    {
      "type": "Int32",
      "name": "totalCounter",
      "flags": 4297195552
    }
  ],
  "funcs": [
    {
      "fullName": "GetCounterText;",
      "shortName": "GetCounterText",
      "return": {
        "type": "String",
        "flags": 64
      },
      "flags": 33284
    },
    {
      "fullName": "GetDescription;",
      "shortName": "GetDescription",
      "return": {
        "type": "String",
        "flags": 64
      },
      "flags": 33284
    },
    {
      "fullName": "GetQuestObjective;",
      "shortName": "GetQuestObjective",
      "return": {
        "type": "whandle:gameJournalQuestObjectiveBase",
        "flags": 64
      },
      "flags": 33284
    },
    {
      "fullName": "GetStatus;",
      "shortName": "GetStatus",
      "return": {
        "type": "gameJournalEntryState",
        "flags": 64
      },
      "flags": 33284
    },
    {
      "fullName": "Init;JournalQuestObjectiveBasegameJournalEntryStateBoolInt32Int32Int32",
      "shortName": "Init",
      "flags": 33284,
      "params": [
        {
          "type": "whandle:gameJournalQuestObjectiveBase",
          "name": "questObjective",
          "flags": 128
        },
        {
          "type": "gameJournalEntryState",
          "name": "objectiveStatus",
          "flags": 128
        },
        {
          "type": "Bool",
          "name": "isTracked",
          "flags": 128
        },
        {
          "type": "Int32",
          "name": "uniqueId",
          "flags": 128
        },
        {
          "type": "Int32",
          "name": "currentCounter",
          "flags": 128
        },
        {
          "type": "Int32",
          "name": "totalCounter",
          "flags": 128
        }
      ]
    },
    {
      "fullName": "IsActive;",
      "shortName": "IsActive",
      "return": {
        "type": "Bool",
        "flags": 64
      },
      "flags": 33284
    },
    {
      "fullName": "IsTracked;",
      "shortName": "IsTracked",
      "return": {
        "type": "Bool",
        "flags": 64
      },
      "flags": 33284
    },
    {
      "fullName": "IsTrackedInHierarchy;",
      "shortName": "IsTrackedInHierarchy",
      "return": {
        "type": "Bool",
        "flags": 64
      },
      "flags": 33280
    }
  ]
}
