{
  "name": "AbilityData",
  "flags": 8,
  "props": [
    {
      "type": "Bool",
      "name": "Empty",
      "flags": 4295229472
    },
    {
      "type": "gameItemID",
      "name": "ID",
      "flags": 4295229472
    },
    {
      "type": "String",
      "name": "Name",
      "flags": 4295229472
    },
    {
      "type": "String",
      "name": "IconPath",
      "flags": 4295229472
    },
    {
      "type": "String",
      "name": "CategoryName",
      "flags": 4295229472
    },
    {
      "type": "String",
      "name": "Description",
      "flags": 4295229472
    },
    {
      "type": "gamedataEquipmentArea",
      "name": "EquipmentArea",
      "flags": 4295229472
    },
    {
      "type": "Bool",
      "name": "IsEquipped",
      "flags": 4295229472
    },
    {
      "type": "handle:gameItemData",
      "name": "GameItemData",
      "flags": 4429447200
    },
    {
      "type": "Int32",
      "name": "AssignedIndex",
      "flags": 4295229472
    }
  ]
}
