{
  "parent": "LocomotionGroundEvents",
  "name": "AbstractLandEvents",
  "flags": 5,
  "props": [
    {
      "type": "Bool",
      "name": "blockLandingStimBroadcasting",
      "flags": 4297326624
    }
  ],
  "funcs": [
    {
      "fullName": "BroadcastLandingStim;StateContextStateGameScriptInterfacegamedataStimType",
      "shortName": "BroadcastLandingStim",
      "flags": 33028,
      "params": [
        {
          "type": "handle:gamestateMachineStateContextScript",
          "name": "stateContext",
          "flags": 128
        },
        {
          "type": "handle:gamestateMachineGameScriptInterface",
          "name": "scriptInterface",
          "flags": 128
        },
        {
          "type": "gamedataStimType",
          "name": "stimType",
          "flags": 128
        }
      ]
    },
    {
      "fullName": "EvaluatePlayingLandingVFX;StateContextStateGameScriptInterface",
      "shortName": "EvaluatePlayingLandingVFX",
      "flags": 33028,
      "params": [
        {
          "type": "handle:gamestateMachineStateContextScript",
          "name": "stateContext",
          "flags": 128
        },
        {
          "type": "handle:gamestateMachineGameScriptInterface",
          "name": "scriptInterface",
          "flags": 128
        }
      ]
    },
    {
      "fullName": "OnEnter;StateContextStateGameScriptInterface",
      "shortName": "OnEnter",
      "flags": 33280,
      "params": [
        {
          "type": "handle:gamestateMachineStateContextScript",
          "name": "stateContext",
          "flags": 128
        },
        {
          "type": "handle:gamestateMachineGameScriptInterface",
          "name": "scriptInterface",
          "flags": 128
        }
      ]
    },
    {
      "fullName": "OnExit;StateContextStateGameScriptInterface",
      "shortName": "OnExit",
      "flags": 34304,
      "params": [
        {
          "type": "handle:gamestateMachineStateContextScript",
          "name": "stateContext",
          "flags": 128
        },
        {
          "type": "handle:gamestateMachineGameScriptInterface",
          "name": "scriptInterface",
          "flags": 128
        }
      ]
    }
  ]
}
