{
  "parent": "ModifyAttackEffector",
  "name": "AbstractApplyQuickhackEffector",
  "flags": 5,
  "props": [
    {
      "type": "whandle:gameIBlackboard",
      "name": "blackboard",
      "flags": 4297195552
    },
    {
      "type": "Float",
      "name": "applyQuickhackDelayConst",
      "flags": 4297195552
    }
  ],
  "funcs": [
    {
      "fullName": "ActionOn;GameObject",
      "shortName": "ActionOn",
      "flags": 34048,
      "params": [
        {
          "type": "handle:gameObject",
          "name": "owner",
          "flags": 128
        }
      ]
    },
    {
      "fullName": "Initialize;TweakDBIDGameInstanceTweakDBID",
      "shortName": "Initialize",
      "flags": 33024,
      "params": [
        {
          "type": "TweakDBID",
          "name": "record",
          "flags": 128
        },
        {
          "type": "ScriptGameInstance",
          "name": "game",
          "flags": 128
        },
        {
          "type": "TweakDBID",
          "name": "parentRecord",
          "flags": 128
        }
      ]
    },
    {
      "fullName": "ProcessAction;GameObject",
      "shortName": "ProcessAction",
      "flags": 33028,
      "params": [
        {
          "type": "handle:gameObject",
          "name": "owner",
          "flags": 128
        }
      ]
    },
    {
      "fullName": "ProcessApplyQuickhackAction;gameHitEventPlayerPuppetScriptedPuppet",
      "shortName": "ProcessApplyQuickhackAction",
      "flags": 33024,
      "params": [
        {
          "type": "handle:gameeventsHitEvent",
          "name": "hitEvent",
          "flags": 128
        },
        {
          "type": "handle:PlayerPuppet",
          "name": "playerPuppet",
          "flags": 128
        },
        {
          "type": "handle:ScriptedPuppet",
          "name": "targetScriptedPuppet",
          "flags": 128
        }
      ]
    },
    {
      "fullName": "RepeatedAction;GameObject",
      "shortName": "RepeatedAction",
      "flags": 34048,
      "params": [
        {
          "type": "handle:gameObject",
          "name": "owner",
          "flags": 128
        }
      ]
    },
    {
      "fullName": "TriggerSpecialQuickHackAttack;PlayerPuppetQuickhackDataFloat",
      "shortName": "TriggerSpecialQuickHackAttack",
      "flags": 33284,
      "params": [
        {
          "type": "handle:PlayerPuppet",
          "name": "playerOwnerPuppet",
          "flags": 128
        },
        {
          "type": "handle:QuickhackData",
          "name": "quickhackData",
          "flags": 128
        },
        {
          "type": "Float",
          "name": "applyQuickhackDelay",
          "flags": 128
        }
      ]
    }
  ]
}
