{
  "parent": "InteractiveMasterDevice",
  "name": "AccessPoint",
  "flags": 4,
  "props": [
    {
      "type": "String",
      "name": "networkName",
      "group": "Network Visualisation",
      "flags": 4364238881
    },
    {
      "type": "Bool",
      "name": "isPlayerInBreachView",
      "flags": 4297130016
    },
    {
      "type": "Bool",
      "name": "isRevealed",
      "flags": 4297130016
    },
    {
      "type": "handle:BreachViewTimeListener",
      "name": "breachViewTimeListener",
      "flags": 4431347744
    },
    {
      "type": "Uint32",
      "name": "upload_program_listener_id",
      "flags": 4297130016
    }
  ],
  "funcs": [
    {
      "fullName": "OnAccessPointMiniGameStatus",
      "shortName": "OnAccessPointMiniGameStatus",
      "return": {
        "type": "Bool",
        "flags": 64
      },
      "flags": 33032,
      "params": [
        {
          "type": "handle:gameuiAccessPointMiniGameStatus",
          "name": "evt",
          "flags": 128
        }
      ]
    },
    {
      "fullName": "OnDebugRemoteConnectionEvent",
      "shortName": "OnDebugRemoteConnectionEvent",
      "return": {
        "type": "Bool",
        "flags": 64
      },
      "flags": 33032,
      "params": [
        {
          "type": "handle:DebugRemoteConnectionEvent",
          "name": "evt",
          "flags": 128
        }
      ]
    },
    {
      "fullName": "OnFactChangedEvent",
      "shortName": "OnFactChangedEvent",
      "return": {
        "type": "Bool",
        "flags": 64
      },
      "flags": 33032,
      "params": [
        {
          "type": "handle:gameFactChangedEvent",
          "name": "evt",
          "flags": 128
        }
      ]
    },
    {
      "fullName": "OnGameDetached",
      "shortName": "OnGameDetached",
      "return": {
        "type": "Bool",
        "flags": 64
      },
      "flags": 33032
    },
    {
      "fullName": "OnRequestComponents",
      "shortName": "OnRequestComponents",
      "return": {
        "type": "Bool",
        "flags": 64
      },
      "flags": 33032,
      "params": [
        {
          "type": "entEntityRequestComponentsInterface",
          "name": "ri",
          "flags": 128
        }
      ]
    },
    {
      "fullName": "OnTakeControl",
      "shortName": "OnTakeControl",
      "return": {
        "type": "Bool",
        "flags": 64
      },
      "flags": 33032,
      "params": [
        {
          "type": "entEntityResolveComponentsInterface",
          "name": "ri",
          "flags": 128
        }
      ]
    },
    {
      "fullName": "OnValidate",
      "shortName": "OnValidate",
      "return": {
        "type": "Bool",
        "flags": 64
      },
      "flags": 33032,
      "params": [
        {
          "type": "handle:Validate",
          "name": "evt",
          "flags": 128
        }
      ]
    },
    {
      "fullName": "BootModule;Int32",
      "shortName": "BootModule",
      "flags": 33028,
      "params": [
        {
          "type": "Int32",
          "name": "module",
          "flags": 128
        }
      ]
    },
    {
      "fullName": "CanRevealRemoteActionsWheel;",
      "shortName": "CanRevealRemoteActionsWheel",
      "return": {
        "type": "Bool",
        "flags": 64
      },
      "flags": 41472
    },
    {
      "fullName": "DeterminGameplayRole;",
      "shortName": "DeterminGameplayRole",
      "return": {
        "type": "EGameplayRole",
        "flags": 64
      },
      "flags": 41472
    },
    {
      "fullName": "EvaluateProximityRevealInteractionLayerState;",
      "shortName": "EvaluateProximityRevealInteractionLayerState",
      "flags": 33024
    },
    {
      "fullName": "GetBlackboardDef;",
      "shortName": "GetBlackboardDef",
      "return": {
        "type": "handle:BackDoorDeviceBlackboardDef",
        "flags": 64
      },
      "flags": 41472
    },
    {
      "fullName": "GetController;",
      "shortName": "GetController",
      "return": {
        "type": "handle:AccessPointController",
        "flags": 64
      },
      "flags": 41216
    },
    {
      "fullName": "GetDevicePS;",
      "shortName": "GetDevicePS",
      "return": {
        "type": "handle:AccessPointControllerPS",
        "flags": 64
      },
      "flags": 41472
    },
    {
      "fullName": "InitiatePersonalLinkWorkspot;GameObject",
      "shortName": "InitiatePersonalLinkWorkspot",
      "flags": 33024,
      "params": [
        {
          "type": "handle:gameObject",
          "name": "puppet",
          "flags": 128
        }
      ]
    },
    {
      "fullName": "IsAccessPoint;",
      "shortName": "IsAccessPoint",
      "return": {
        "type": "Bool",
        "flags": 64
      },
      "flags": 41472
    },
    {
      "fullName": "IsControllingDevices;",
      "shortName": "IsControllingDevices",
      "return": {
        "type": "Bool",
        "flags": 64
      },
      "flags": 41472
    },
    {
      "fullName": "IsRevealed;",
      "shortName": "IsRevealed",
      "return": {
        "type": "Bool",
        "flags": 64
      },
      "flags": 33284
    },
    {
      "fullName": "OnDiveFinished;CName",
      "shortName": "OnDiveFinished",
      "flags": 33284,
      "params": [
        {
          "type": "CName",
          "name": "reason",
          "flags": 128
        }
      ]
    },
    {
      "fullName": "PerformDive;Int32Bool",
      "shortName": "PerformDive",
      "flags": 33024,
      "params": [
        {
          "type": "Int32",
          "name": "attempt",
          "flags": 128
        },
        {
          "type": "Bool",
          "name": "isRemote",
          "flags": 128
        }
      ]
    },
    {
      "fullName": "ResolveGameplayState;",
      "shortName": "ResolveGameplayState",
      "flags": 33024
    },
    {
      "fullName": "ShouldRegisterToHUD;",
      "shortName": "ShouldRegisterToHUD",
      "return": {
        "type": "Bool",
        "flags": 64
      },
      "flags": 41216
    },
    {
      "fullName": "TerminateConnection;",
      "shortName": "TerminateConnection",
      "flags": 33024
    },
    {
      "fullName": "ToggleLights;Bool",
      "shortName": "ToggleLights",
      "flags": 33028,
      "params": [
        {
          "type": "Bool",
          "name": "on",
          "flags": 128
        }
      ]
    },
    {
      "fullName": "TogglePersonalLink;BoolGameObject",
      "shortName": "TogglePersonalLink",
      "flags": 33024,
      "params": [
        {
          "type": "Bool",
          "name": "toggle",
          "flags": 128
        },
        {
          "type": "handle:gameObject",
          "name": "puppet",
          "flags": 128
        }
      ]
    },
    {
      "fullName": "UploadProgram;",
      "shortName": "UploadProgram",
      "flags": 32900
    }
  ]
}
