{
  "parent": "gameinteractionsInteractionScriptedCondition",
  "name": "AccessPointCompatibleWithUser",
  "flags": 4,
  "funcs": [
    {
      "fullName": "Test;GameObjectGameObjectHotSpotLayerDefinition",
      "shortName": "Test",
      "return": {
        "type": "Bool",
        "flags": 64
      },
      "flags": 41476,
      "params": [
        {
          "type": "whandle:gameObject",
          "name": "activatorObject",
          "flags": 128
        },
        {
          "type": "whandle:gameObject",
          "name": "hotSpotObject",
          "flags": 128
        },
        {
          "type": "whandle:gameinteractionsCHotSpotLayerDefinition",
          "name": "hotSpotLayer",
          "flags": 128
        }
      ]
    }
  ]
}
