{
  "parent": "gameIScriptablePrereq",
  "name": "AccessPointHasCPOMissionDataPrereq",
  "flags": 4,
  "funcs": [
    {
      "fullName": "IsFulfilled",
      "shortName": "IsFulfilled",
      "return": {
        "type": "Bool",
        "flags": 64
      },
      "flags": 41472,
      "params": [
        {
          "type": "ScriptGameInstance",
          "name": "game",
          "flags": 128
        },
        {
          "type": "handle:IScriptable",
          "name": "context",
          "flags": 128
        }
      ]
    }
  ]
}
