{
  "parent": "userSettingsVarListener",
  "name": "AccessibilityControlsListener",
  "flags": 4,
  "props": [
    {
      "type": "whandle:PlayerPuppet",
      "name": "ctrl",
      "flags": 4297130016
    },
    {
      "type": "handle:userSettingsUserSettings",
      "name": "settings",
      "flags": 4431347744
    },
    {
      "type": "handle:userSettingsGroup",
      "name": "settingsGroup",
      "flags": 4431347744
    },
    {
      "type": "Bool",
      "name": "allowCycleToFistCyberware",
      "flags": 4297130016
    },
    {
      "type": "CName",
      "name": "accessibilityControlsPath",
      "flags": 4297130016
    }
  ],
  "funcs": [
    {
      "fullName": "GetAllowCycleToFistCyberware;",
      "shortName": "GetAllowCycleToFistCyberware",
      "return": {
        "type": "Bool",
        "flags": 64
      },
      "flags": 41476
    },
    {
      "fullName": "Initialize;PlayerPuppet",
      "shortName": "Initialize",
      "flags": 33284,
      "params": [
        {
          "type": "whandle:PlayerPuppet",
          "name": "ctrl",
          "flags": 128
        }
      ]
    },
    {
      "fullName": "OnVarModified",
      "shortName": "OnVarModified",
      "flags": 34304,
      "params": [
        {
          "type": "CName",
          "name": "groupPath",
          "flags": 128
        },
        {
          "type": "CName",
          "name": "varName",
          "flags": 128
        },
        {
          "type": "InGameConfigVarType",
          "name": "varType",
          "flags": 128
        },
        {
          "type": "InGameConfigChangeReason",
          "name": "reason",
          "flags": 128
        }
      ]
    }
  ]
}
