{
  "parent": "PuppetAction",
  "name": "AccessBreach",
  "flags": 4,
  "props": [
    {
      "type": "Int32",
      "name": "attempt",
      "flags": 4297326624
    },
    {
      "type": "String",
      "name": "networkName",
      "flags": 4297326624
    },
    {
      "type": "Int32",
      "name": "npcCount",
      "flags": 4297326624
    },
    {
      "type": "Bool",
      "name": "isRemote",
      "flags": 4297326624
    },
    {
      "type": "Bool",
      "name": "isSuicide",
      "flags": 4297326624
    }
  ],
  "funcs": [
    {
      "fullName": "CompleteAction;GameInstance",
      "shortName": "CompleteAction",
      "flags": 32896,
      "params": [
        {
          "type": "ScriptGameInstance",
          "name": "gameInstance",
          "flags": 128
        }
      ]
    },
    {
      "fullName": "GetNetworkBlackboard;GameInstance",
      "shortName": "GetNetworkBlackboard",
      "return": {
        "type": "handle:gameIBlackboard",
        "flags": 64
      },
      "flags": 32900,
      "params": [
        {
          "type": "ScriptGameInstance",
          "name": "gameInstance",
          "flags": 128
        }
      ]
    },
    {
      "fullName": "GetNetworkBlackboardDef;",
      "shortName": "GetNetworkBlackboardDef",
      "return": {
        "type": "handle:NetworkBlackboardDef",
        "flags": 64
      },
      "flags": 32900
    },
    {
      "fullName": "SendNanoWireBreachEventToPSM;CNameBoolGameInstance",
      "shortName": "SendNanoWireBreachEventToPSM",
      "flags": 32900,
      "params": [
        {
          "type": "CName",
          "name": "id",
          "flags": 128
        },
        {
          "type": "Bool",
          "name": "isActive",
          "flags": 128
        },
        {
          "type": "ScriptGameInstance",
          "name": "gameInstance",
          "flags": 128
        }
      ]
    },
    {
      "fullName": "SetAttemptCount;Int32",
      "shortName": "SetAttemptCount",
      "flags": 33284,
      "params": [
        {
          "type": "Int32",
          "name": "amount",
          "flags": 128
        }
      ]
    },
    {
      "fullName": "SetProperties;script_ref<String>Int32Int32BoolBool",
      "shortName": "SetProperties",
      "flags": 33284,
      "params": [
        {
          "type": "script_ref:String",
          "name": "networkName",
          "flags": 128
        },
        {
          "type": "Int32",
          "name": "npcCount",
          "flags": 128
        },
        {
          "type": "Int32",
          "name": "attemptsCount",
          "flags": 128
        },
        {
          "type": "Bool",
          "name": "isRemote",
          "flags": 128
        },
        {
          "type": "Bool",
          "name": "isSuicide",
          "flags": 128
        }
      ]
    },
    {
      "fullName": "StartUpload;GameInstance",
      "shortName": "StartUpload",
      "flags": 32896,
      "params": [
        {
          "type": "ScriptGameInstance",
          "name": "gameInstance",
          "flags": 128
        }
      ]
    }
  ]
}
