{
  "parent": "inkWidgetLogicController",
  "name": "AccumulatedDamageDigitLogicController",
  "flags": 4,
  "props": [
    {
      "type": "inkTextWidgetReference",
      "name": "critWidget",
      "flags": 4297130017
    },
    {
      "type": "inkTextWidgetReference",
      "name": "headshotWidget",
      "flags": 4297130017
    },
    {
      "type": "whandle:inkWidget",
      "name": "rootWidget",
      "flags": 4297130016
    },
    {
      "type": "whandle:inkWidget",
      "name": "panelWidget",
      "flags": 4297130016
    },
    {
      "type": "whandle:inkTextWidget",
      "name": "textWidget",
      "flags": 4297130016
    },
    {
      "type": "whandle:gameObject",
      "name": "owner",
      "flags": 4297326624
    },
    {
      "type": "whandle:DamageDigitsGameController",
      "name": "gameController",
      "flags": 4297130016
    },
    {
      "type": "Bool",
      "name": "active",
      "flags": 4297130016
    },
    {
      "type": "Bool",
      "name": "successful",
      "flags": 4297130016
    },
    {
      "type": "Bool",
      "name": "successfulCritical",
      "flags": 4297130016
    },
    {
      "type": "Float",
      "name": "damageAccumulated",
      "flags": 4297130016
    },
    {
      "type": "Bool",
      "name": "showingBothDigits",
      "flags": 4297130016
    },
    {
      "type": "Bool",
      "name": "stickToTarget",
      "flags": 4297326624
    },
    {
      "type": "Bool",
      "name": "currentlySticking",
      "flags": 4297326624
    },
    {
      "type": "handle:inkScreenProjection",
      "name": "projection",
      "flags": 4431347744
    },
    {
      "type": "handle:inkanimProxy",
      "name": "showAnimProxy",
      "flags": 4431347744
    },
    {
      "type": "handle:inkanimProxy",
      "name": "critAnimProxy",
      "flags": 4431347744
    },
    {
      "type": "handle:inkanimProxy",
      "name": "blinkProxy",
      "flags": 4431347744
    },
    {
      "type": "handle:inkanimProxy",
      "name": "headshotAnimProxy",
      "flags": 4431347744
    },
    {
      "type": "Float",
      "name": "distanceModifier",
      "flags": 4297130016
    },
    {
      "type": "Float",
      "name": "calculatedDistanceHeightBias",
      "flags": 4297130016
    },
    {
      "type": "Float",
      "name": "stickingDistanceHeightBias",
      "flags": 4297130016
    },
    {
      "type": "inkMargin",
      "name": "projectionInterpolationOffset",
      "flags": 4297130016
    },
    {
      "type": "inkMargin",
      "name": "projectionInterpolationOffsetTotal",
      "flags": 4297130016
    },
    {
      "type": "Float",
      "name": "projectionInterpolationProgress",
      "flags": 4297130016
    },
    {
      "type": "Bool",
      "name": "projectionFreezePosition",
      "flags": 4297130016
    },
    {
      "type": "Bool",
      "name": "positionUpdated",
      "flags": 4297130016
    },
    {
      "type": "Float",
      "name": "currentEngineTime",
      "flags": 4297130016
    },
    {
      "type": "Float",
      "name": "lastEngineTime",
      "flags": 4297130016
    },
    {
      "type": "Int32",
      "name": "arrayPosition",
      "flags": 4297326624
    },
    {
      "type": "handle:inkanimDefinition",
      "name": "showPositiveAnimDef",
      "flags": 4431347744
    },
    {
      "type": "handle:inkanimTransparencyInterpolator",
      "name": "showPositiveAnimFadeInInterpolator",
      "flags": 4431347744
    },
    {
      "type": "handle:inkanimTransparencyInterpolator",
      "name": "showPositiveAnimFadeOutInterpolator",
      "flags": 4431347744
    },
    {
      "type": "handle:inkanimMarginInterpolator",
      "name": "showPositiveAnimMarginInterpolator",
      "flags": 4431347744
    },
    {
      "type": "handle:inkanimScaleInterpolator",
      "name": "showPositiveAnimScaleUpInterpolator",
      "flags": 4431347744
    },
    {
      "type": "handle:inkanimScaleInterpolator",
      "name": "showPositiveAnimScaleDownInterpolator",
      "flags": 4431347744
    },
    {
      "type": "handle:inkanimDefinition",
      "name": "showNegativeAnimDef",
      "flags": 4431347744
    },
    {
      "type": "handle:inkanimTransparencyInterpolator",
      "name": "showNegativeAnimFadeInInterpolator",
      "flags": 4431347744
    },
    {
      "type": "handle:inkanimTransparencyInterpolator",
      "name": "showNegativeAnimFadeOutInterpolator",
      "flags": 4431347744
    },
    {
      "type": "handle:inkanimMarginInterpolator",
      "name": "showNegativeAnimMarginInterpolator",
      "flags": 4431347744
    },
    {
      "type": "handle:inkanimDefinition",
      "name": "showCritAnimDef",
      "flags": 4431347744
    },
    {
      "type": "handle:inkanimTransparencyInterpolator",
      "name": "showCritAnimFadeOutInterpolator",
      "flags": 4431347744
    },
    {
      "type": "Vector4",
      "name": "animStickTargetOffset",
      "flags": 4297130016
    },
    {
      "type": "Float",
      "name": "animTimeFadeIn",
      "flags": 4297130016
    },
    {
      "type": "Float",
      "name": "animTimeFadeOut",
      "flags": 4297130016
    },
    {
      "type": "Float",
      "name": "animBothTimeFadeIn",
      "flags": 4297130016
    },
    {
      "type": "Float",
      "name": "animBothTimeFadeOut",
      "flags": 4297130016
    },
    {
      "type": "Float",
      "name": "animTimeDelay",
      "flags": 4297130016
    },
    {
      "type": "Float",
      "name": "animBothTimeDelay",
      "flags": 4297130016
    },
    {
      "type": "Float",
      "name": "animStartHeight",
      "flags": 4297130016
    },
    {
      "type": "Float",
      "name": "animEndHeight",
      "flags": 4297130016
    },
    {
      "type": "Float",
      "name": "animPopScale",
      "flags": 4297130016
    },
    {
      "type": "Float",
      "name": "animPopEndScale",
      "flags": 4297130016
    },
    {
      "type": "Float",
      "name": "animPopInDuration",
      "flags": 4297130016
    },
    {
      "type": "Float",
      "name": "animPopOutDuration",
      "flags": 4297130016
    },
    {
      "type": "Float",
      "name": "animBothOffsetX",
      "flags": 4297130016
    },
    {
      "type": "Float",
      "name": "animBothOffsetY",
      "flags": 4297130016
    },
    {
      "type": "Float",
      "name": "animBothStickingOffsetY",
      "flags": 4297130016
    },
    {
      "type": "Float",
      "name": "animTimeCritDelay",
      "flags": 4297130016
    },
    {
      "type": "Float",
      "name": "animBothTimeCritDelay",
      "flags": 4297130016
    },
    {
      "type": "Float",
      "name": "animTimeCritFade",
      "flags": 4297130016
    },
    {
      "type": "Float",
      "name": "animBothTimeCritFade",
      "flags": 4297130016
    },
    {
      "type": "Float",
      "name": "animMaxScreenDistanceFromLast",
      "flags": 4297130016
    },
    {
      "type": "Float",
      "name": "animScreenInterpolationTime",
      "flags": 4297130016
    },
    {
      "type": "Float",
      "name": "animMinScreenDistanceFromLast",
      "flags": 4297130016
    },
    {
      "type": "Float",
      "name": "animStickTargetWorldZOffset",
      "flags": 4297130016
    },
    {
      "type": "Float",
      "name": "animStickingOffsetY",
      "flags": 4297130016
    },
    {
      "type": "Float",
      "name": "animDistanceModifierMinDistance",
      "flags": 4297130016
    },
    {
      "type": "Float",
      "name": "animDistanceModifierMaxDistance",
      "flags": 4297130016
    },
    {
      "type": "Float",
      "name": "animDistanceModifierMinValue",
      "flags": 4297130016
    },
    {
      "type": "Float",
      "name": "animDistanceModifierMaxValue",
      "flags": 4297130016
    },
    {
      "type": "Float",
      "name": "animDistanceHeightBias",
      "flags": 4297130016
    },
    {
      "type": "Float",
      "name": "animStickingDistanceHeightBias",
      "flags": 4297130016
    },
    {
      "type": "Float",
      "name": "animPositiveOpacity",
      "flags": 4297130016
    },
    {
      "type": "Float",
      "name": "animNegativeOpacity",
      "flags": 4297130016
    },
    {
      "type": "Float",
      "name": "animDynamicFadeInDuration",
      "flags": 4297130016
    }
  ],
  "funcs": [
    {
      "fullName": "OnHide",
      "shortName": "OnHide",
      "return": {
        "type": "Bool",
        "flags": 64
      },
      "flags": 33032,
      "params": [
        {
          "type": "handle:inkanimProxy",
          "name": "anim",
          "flags": 128
        }
      ]
    },
    {
      "fullName": "OnInitialize",
      "shortName": "OnInitialize",
      "return": {
        "type": "Bool",
        "flags": 64
      },
      "flags": 33032
    },
    {
      "fullName": "OnScreenProjectionUpdate",
      "shortName": "OnScreenProjectionUpdate",
      "return": {
        "type": "Bool",
        "flags": 64
      },
      "flags": 33032,
      "params": [
        {
          "type": "handle:inkScreenProjection",
          "name": "projection",
          "flags": 128
        }
      ]
    },
    {
      "fullName": "OnUninitialize",
      "shortName": "OnUninitialize",
      "return": {
        "type": "Bool",
        "flags": 64
      },
      "flags": 33032
    },
    {
      "fullName": "BuildStateName;gamedataDamageTypegameuiHitTypeBoolarray<SHitFlag>",
      "shortName": "BuildStateName",
      "return": {
        "type": "CName",
        "flags": 64
      },
      "flags": 32900,
      "params": [
        {
          "type": "gamedataDamageType",
          "name": "damageType",
          "flags": 128
        },
        {
          "type": "gameuiHitType",
          "name": "hitType",
          "flags": 128
        },
        {
          "type": "Bool",
          "name": "showingBothDigits",
          "flags": 128
        },
        {
          "type": "array:SHitFlag",
          "name": "flags",
          "flags": 128
        }
      ]
    },
    {
      "fullName": "CalculateDistanceModifier;Vector4Vector4",
      "shortName": "CalculateDistanceModifier",
      "flags": 32900,
      "params": [
        {
          "type": "Vector4",
          "name": "fromVec",
          "flags": 128
        },
        {
          "type": "Vector4",
          "name": "toVec",
          "flags": 128
        }
      ]
    },
    {
      "fullName": "CreateShowAnimation;",
      "shortName": "CreateShowAnimation",
      "flags": 32900
    },
    {
      "fullName": "IsProjectedEntity;GameObject",
      "shortName": "IsProjectedEntity",
      "return": {
        "type": "Bool",
        "flags": 64
      },
      "flags": 33284,
      "params": [
        {
          "type": "whandle:gameObject",
          "name": "entity",
          "flags": 128
        }
      ]
    },
    {
      "fullName": "SetActive;Bool",
      "shortName": "SetActive",
      "flags": 32900,
      "params": [
        {
          "type": "Bool",
          "name": "active",
          "flags": 128
        }
      ]
    },
    {
      "fullName": "SetProjection;inkScreenProjectionDamageDigitsGameController",
      "shortName": "SetProjection",
      "flags": 33284,
      "params": [
        {
          "type": "handle:inkScreenProjection",
          "name": "projection",
          "flags": 128
        },
        {
          "type": "whandle:DamageDigitsGameController",
          "name": "gameController",
          "flags": 128
        }
      ]
    },
    {
      "fullName": "Show;script_ref<DamageInfo>BoolBoolBool",
      "shortName": "Show",
      "flags": 33284,
      "params": [
        {
          "type": "script_ref:gameuiDamageInfo",
          "name": "damageInfo",
          "flags": 128
        },
        {
          "type": "Bool",
          "name": "showingBothDigits",
          "flags": 128
        },
        {
          "type": "Bool",
          "name": "oneInstance",
          "flags": 128
        },
        {
          "type": "Bool",
          "name": "forceStickToTarget",
          "flags": 128
        }
      ]
    },
    {
      "fullName": "UpdateDamageInfo;script_ref<DamageInfo>Bool",
      "shortName": "UpdateDamageInfo",
      "flags": 33284,
      "params": [
        {
          "type": "script_ref:gameuiDamageInfo",
          "name": "damageInfo",
          "flags": 128
        },
        {
          "type": "Bool",
          "name": "showingBothDigits",
          "flags": 128
        }
      ]
    },
    {
      "fullName": "UpdateDuration;Bool",
      "shortName": "UpdateDuration",
      "flags": 32900,
      "params": [
        {
          "type": "Bool",
          "name": "showingBothDigits",
          "flags": 128
        }
      ]
    },
    {
      "fullName": "UpdatePositionAndScale;Bool",
      "shortName": "UpdatePositionAndScale",
      "flags": 32900,
      "params": [
        {
          "type": "Bool",
          "name": "showingBothDigits",
          "flags": 128
        }
      ]
    }
  ]
}
