{
  "name": "AccumulatedDamageDigitsNode",
  "flags": 8,
  "props": [
    {
      "type": "Bool",
      "name": "used",
      "flags": 4295229472
    },
    {
      "type": "entEntityID",
      "name": "entityID",
      "flags": 4295229472
    },
    {
      "type": "whandle:AccumulatedDamageDigitLogicController",
      "name": "controller",
      "flags": 4295229472
    },
    {
      "type": "Bool",
      "name": "isDamageOverTime",
      "flags": 4295229472
    }
  ]
}
