{
  "parent": "ActionBool",
  "name": "ActivateC4",
  "flags": 4,
  "props": [
    {
      "type": "gameItemID",
      "name": "itemID",
      "flags": 4297326624
    }
  ],
  "funcs": [
    {
      "fullName": "ActivateC4::IsAvailable;ScriptableDeviceComponentPS",
      "shortName": "IsAvailable",
      "return": {
        "type": "Bool",
        "flags": 64
      },
      "flags": 33286,
      "params": [
        {
          "type": "handle:ScriptableDeviceComponentPS",
          "name": "device",
          "flags": 128
        }
      ]
    },
    {
      "fullName": "ActivateC4::IsDefaultConditionMet;ScriptableDeviceComponentPSscript_ref<GetActionsContext>",
      "shortName": "IsDefaultConditionMet",
      "return": {
        "type": "Bool",
        "flags": 64
      },
      "flags": 33286,
      "params": [
        {
          "type": "handle:ScriptableDeviceComponentPS",
          "name": "device",
          "flags": 128
        },
        {
          "type": "script_ref:gameGetActionsContext",
          "name": "context",
          "flags": 128
        }
      ]
    },
    {
      "fullName": "GetTweakDBChoiceRecord;",
      "shortName": "GetTweakDBChoiceRecord",
      "return": {
        "type": "String",
        "flags": 64
      },
      "flags": 33280
    },
    {
      "fullName": "SetProperties;",
      "shortName": "SetProperties",
      "flags": 33284
    }
  ]
}
