{
  "parent": "CoverActionEventsTransition",
  "name": "ActivateCoverEvents",
  "flags": 4,
  "props": [
    {
      "type": "Bool",
      "name": "usingCover",
      "flags": 4297326624
    }
  ],
  "funcs": [
    {
      "fullName": "OnEnter;StateContextStateGameScriptInterface",
      "shortName": "OnEnter",
      "flags": 34308,
      "params": [
        {
          "type": "handle:gamestateMachineStateContextScript",
          "name": "stateContext",
          "flags": 128
        },
        {
          "type": "handle:gamestateMachineGameScriptInterface",
          "name": "scriptInterface",
          "flags": 128
        }
      ]
    },
    {
      "fullName": "OnExit;StateContextStateGameScriptInterface",
      "shortName": "OnExit",
      "flags": 34308,
      "params": [
        {
          "type": "handle:gamestateMachineStateContextScript",
          "name": "stateContext",
          "flags": 128
        },
        {
          "type": "handle:gamestateMachineGameScriptInterface",
          "name": "scriptInterface",
          "flags": 128
        }
      ]
    },
    {
      "fullName": "OnForcedExit;StateContextStateGameScriptInterface",
      "shortName": "OnForcedExit",
      "flags": 34304,
      "params": [
        {
          "type": "handle:gamestateMachineStateContextScript",
          "name": "stateContext",
          "flags": 128
        },
        {
          "type": "handle:gamestateMachineGameScriptInterface",
          "name": "scriptInterface",
          "flags": 128
        }
      ]
    },
    {
      "fullName": "OnUpdate;FloatStateContextStateGameScriptInterface",
      "shortName": "OnUpdate",
      "flags": 34308,
      "params": [
        {
          "type": "Float",
          "name": "timeDelta",
          "flags": 128
        },
        {
          "type": "handle:gamestateMachineStateContextScript",
          "name": "stateContext",
          "flags": 128
        },
        {
          "type": "handle:gamestateMachineGameScriptInterface",
          "name": "scriptInterface",
          "flags": 128
        }
      ]
    }
  ]
}
