{
  "parent": "ActionInt",
  "name": "ActionScavenge",
  "flags": 4,
  "funcs": [
    {
      "fullName": "ActionScavenge::IsAvailable;ScriptableDeviceComponentPS",
      "shortName": "IsAvailable",
      "return": {
        "type": "Bool",
        "flags": 64
      },
      "flags": 33286,
      "params": [
        {
          "type": "handle:ScriptableDeviceComponentPS",
          "name": "device",
          "flags": 128
        }
      ]
    },
    {
      "fullName": "ActionScavenge::IsDefaultConditionMet;ScriptableDeviceComponentPS",
      "shortName": "IsDefaultConditionMet",
      "return": {
        "type": "Bool",
        "flags": 64
      },
      "flags": 33286,
      "params": [
        {
          "type": "handle:ScriptableDeviceComponentPS",
          "name": "device",
          "flags": 128
        }
      ]
    },
    {
      "fullName": "GetTweakDBChoiceRecord;",
      "shortName": "GetTweakDBChoiceRecord",
      "return": {
        "type": "String",
        "flags": 64
      },
      "flags": 33280
    },
    {
      "fullName": "SetProperties;Int32",
      "shortName": "SetProperties",
      "flags": 33284,
      "params": [
        {
          "type": "Int32",
          "name": "amoutOfScraps",
          "flags": 128
        }
      ]
    }
  ]
}
