{
  "parent": "inkWidgetLogicController",
  "name": "activityLogEntryLogicController",
  "flags": 4,
  "props": [
    {
      "type": "Bool",
      "name": "available",
      "flags": 4297130016
    },
    {
      "type": "Uint16",
      "name": "originalSize",
      "flags": 4297130016
    },
    {
      "type": "Uint16",
      "name": "size",
      "flags": 4297130016
    },
    {
      "type": "String",
      "name": "displayText",
      "flags": 4297130016
    },
    {
      "type": "whandle:inkTextWidget",
      "name": "root",
      "flags": 4297130016
    },
    {
      "type": "handle:inkanimController",
      "name": "appearingAnim",
      "flags": 4431347744
    },
    {
      "type": "handle:inkanimController",
      "name": "typingAnim",
      "flags": 4431347744
    },
    {
      "type": "handle:inkanimController",
      "name": "disappearingAnim",
      "flags": 4431347744
    },
    {
      "type": "handle:inkanimDefinition",
      "name": "typingAnimDef",
      "flags": 4431347744
    },
    {
      "type": "handle:inkanimProxy",
      "name": "typingAnimProxy",
      "flags": 4431347744
    },
    {
      "type": "handle:inkanimDefinition",
      "name": "disappearingAnimDef",
      "flags": 4431347744
    },
    {
      "type": "handle:inkanimProxy",
      "name": "disappearingAnimProxy",
      "flags": 4431347744
    }
  ],
  "funcs": [
    {
      "fullName": "OnDisappeared",
      "shortName": "OnDisappeared",
      "return": {
        "type": "Bool",
        "flags": 64
      },
      "flags": 33032,
      "params": [
        {
          "type": "handle:inkanimProxy",
          "name": "proxy",
          "flags": 128
        }
      ]
    },
    {
      "fullName": "OnInitialize",
      "shortName": "OnInitialize",
      "return": {
        "type": "Bool",
        "flags": 64
      },
      "flags": 33032
    },
    {
      "fullName": "OnStopTyping",
      "shortName": "OnStopTyping",
      "return": {
        "type": "Bool",
        "flags": 64
      },
      "flags": 33032,
      "params": [
        {
          "type": "handle:inkanimProxy",
          "name": "proxy",
          "flags": 128
        }
      ]
    },
    {
      "fullName": "OnTyping",
      "shortName": "OnTyping",
      "return": {
        "type": "Bool",
        "flags": 64
      },
      "flags": 33032,
      "params": [
        {
          "type": "handle:inkanimProxy",
          "name": "proxy",
          "flags": 128
        }
      ]
    },
    {
      "fullName": "IsAvailable;",
      "shortName": "IsAvailable",
      "return": {
        "type": "Bool",
        "flags": 64
      },
      "flags": 33284
    },
    {
      "fullName": "Reset;",
      "shortName": "Reset",
      "flags": 33284
    },
    {
      "fullName": "SetText;script_ref<String>",
      "shortName": "SetText",
      "flags": 33284,
      "params": [
        {
          "type": "script_ref:String",
          "name": "displayText",
          "flags": 128
        }
      ]
    }
  ]
}
