{
  "parent": "InteractiveMasterDevice",
  "name": "ActionsSequencer",
  "flags": 4,
  "funcs": [
    {
      "fullName": "OnTakeControl",
      "shortName": "OnTakeControl",
      "return": {
        "type": "Bool",
        "flags": 64
      },
      "flags": 33032,
      "params": [
        {
          "type": "entEntityResolveComponentsInterface",
          "name": "ri",
          "flags": 128
        }
      ]
    },
    {
      "fullName": "GetController;",
      "shortName": "GetController",
      "return": {
        "type": "handle:ActionsSequencerController",
        "flags": 64
      },
      "flags": 41088
    },
    {
      "fullName": "GetDevicePS;",
      "shortName": "GetDevicePS",
      "return": {
        "type": "handle:ActionsSequencerControllerPS",
        "flags": 64
      },
      "flags": 41472
    }
  ]
}
