{
  "parent": "AIbehaviorScriptBehaviorDelegate",
  "name": "ActionWeightManagerDelegate",
  "flags": 4,
  "props": [
    {
      "type": "array:String",
      "name": "actionsConditions",
      "flags": 6583222305
    },
    {
      "type": "array:Int32",
      "name": "actionsWeights",
      "flags": 6583222304
    },
    {
      "type": "Int32",
      "name": "lowestWeight",
      "flags": 4297326624
    },
    {
      "type": "Int32",
      "name": "selectedActionIndex",
      "flags": 4297326624
    }
  ],
  "funcs": [
    {
      "fullName": "ProcessActionToPlay;ScriptExecutionContext",
      "shortName": "ProcessActionToPlay",
      "return": {
        "type": "Bool",
        "flags": 64
      },
      "flags": 34308,
      "params": [
        {
          "type": "AIbehaviorScriptExecutionContext",
          "name": "context",
          "flags": 128
        }
      ]
    },
    {
      "fullName": "WeightUpdate;",
      "shortName": "WeightUpdate",
      "return": {
        "type": "Bool",
        "flags": 64
      },
      "flags": 34308
    }
  ]
}
