{
  "parent": "gameuiHUDGameController",
  "name": "activityLogGameController",
  "flags": 4,
  "props": [
    {
      "type": "Int32",
      "name": "readIndex",
      "flags": 4297130016
    },
    {
      "type": "Int32",
      "name": "writeIndex",
      "flags": 4297130016
    },
    {
      "type": "Int32",
      "name": "maxSize",
      "flags": 4297130016
    },
    {
      "type": "array:String",
      "name": "entries",
      "flags": 6583025696
    },
    {
      "type": "inkVerticalPanelWidgetReference",
      "name": "panel",
      "flags": 4297130017
    },
    {
      "type": "handle:redCallbackObject",
      "name": "onNewEntries",
      "flags": 4431347744
    },
    {
      "type": "handle:redCallbackObject",
      "name": "onHide",
      "flags": 4431347744
    }
  ],
  "funcs": [
    {
      "fullName": "OnDisappeared",
      "shortName": "OnDisappeared",
      "return": {
        "type": "Bool",
        "flags": 64
      },
      "flags": 33032,
      "params": [
        {
          "type": "whandle:inkWidget",
          "name": "widget",
          "flags": 128
        }
      ]
    },
    {
      "fullName": "OnHide",
      "shortName": "OnHide",
      "return": {
        "type": "Bool",
        "flags": 64
      },
      "flags": 33032,
      "params": [
        {
          "type": "Bool",
          "name": "val",
          "flags": 128
        }
      ]
    },
    {
      "fullName": "OnInitialize",
      "shortName": "OnInitialize",
      "return": {
        "type": "Bool",
        "flags": 64
      },
      "flags": 33032
    },
    {
      "fullName": "OnNewEntries",
      "shortName": "OnNewEntries",
      "return": {
        "type": "Bool",
        "flags": 64
      },
      "flags": 33032,
      "params": [
        {
          "type": "Variant",
          "name": "value",
          "flags": 128
        }
      ]
    },
    {
      "fullName": "OnTypingFinished",
      "shortName": "OnTypingFinished",
      "return": {
        "type": "Bool",
        "flags": 64
      },
      "flags": 33032,
      "params": [
        {
          "type": "whandle:inkWidget",
          "name": "widget",
          "flags": 128
        }
      ]
    },
    {
      "fullName": "OnUninitialize",
      "shortName": "OnUninitialize",
      "return": {
        "type": "Bool",
        "flags": 64
      },
      "flags": 33032
    },
    {
      "fullName": "AddNewEntry;script_ref<String>",
      "shortName": "AddNewEntry",
      "flags": 33284,
      "params": [
        {
          "type": "script_ref:String",
          "name": "value",
          "flags": 128
        }
      ]
    }
  ]
}
