{
  "parent": "ScriptableDeviceAction",
  "name": "ActionEntityReference",
  "flags": 5,
  "funcs": [
    {
      "fullName": "GetCurrentDisplayString",
      "shortName": "GetCurrentDisplayString",
      "return": {
        "type": "String",
        "flags": 64
      },
      "flags": 41472
    },
    {
      "fullName": "GetProperties",
      "shortName": "GetProperties",
      "return": {
        "type": "array:handle:gamedeviceActionProperty",
        "flags": 64
      },
      "flags": 34304
    }
  ]
}
