{
  "parent": "InteractiveMasterDevice",
  "name": "Activator",
  "flags": 4,
  "props": [
    {
      "type": "handle:AnimFeature_SimpleDevice",
      "name": "animFeature",
      "flags": 4431347744
    },
    {
      "type": "Int32",
      "name": "hitCount",
      "flags": 4297130016
    },
    {
      "type": "handle:entMeshComponent",
      "name": "meshComponent",
      "flags": 4431347744
    },
    {
      "type": "CName",
      "name": "meshAppearence",
      "flags": 4297326624
    },
    {
      "type": "CName",
      "name": "meshAppearenceBreaking",
      "flags": 4297326624
    },
    {
      "type": "CName",
      "name": "meshAppearenceBroken",
      "flags": 4297326624
    },
    {
      "type": "Float",
      "name": "defaultDelay",
      "flags": 4297326624
    },
    {
      "type": "Float",
      "name": "yellowDelay",
      "flags": 4297326624
    },
    {
      "type": "Float",
      "name": "redDelay",
      "flags": 4297326624
    }
  ],
  "funcs": [
    {
      "fullName": "OnDelayApperanceSwitchEvent",
      "shortName": "OnDelayApperanceSwitchEvent",
      "return": {
        "type": "Bool",
        "flags": 64
      },
      "flags": 33032,
      "params": [
        {
          "type": "handle:panelApperanceSwitchEvent",
          "name": "evt",
          "flags": 128
        }
      ]
    },
    {
      "fullName": "OnDisassembleDevice",
      "shortName": "OnDisassembleDevice",
      "return": {
        "type": "Bool",
        "flags": 64
      },
      "flags": 33032,
      "params": [
        {
          "type": "handle:DisassembleDevice",
          "name": "evt",
          "flags": 128
        }
      ]
    },
    {
      "fullName": "OnHit",
      "shortName": "OnHit",
      "return": {
        "type": "Bool",
        "flags": 64
      },
      "flags": 33032,
      "params": [
        {
          "type": "handle:gameeventsHitEvent",
          "name": "evt",
          "flags": 128
        }
      ]
    },
    {
      "fullName": "OnRequestComponents",
      "shortName": "OnRequestComponents",
      "return": {
        "type": "Bool",
        "flags": 64
      },
      "flags": 33032,
      "params": [
        {
          "type": "entEntityRequestComponentsInterface",
          "name": "ri",
          "flags": 128
        }
      ]
    },
    {
      "fullName": "OnSpiderbotActivateActivator",
      "shortName": "OnSpiderbotActivateActivator",
      "return": {
        "type": "Bool",
        "flags": 64
      },
      "flags": 33032,
      "params": [
        {
          "type": "handle:SpiderbotActivateActivator",
          "name": "evt",
          "flags": 128
        }
      ]
    },
    {
      "fullName": "OnSpiderbotOrderCompletedEvent",
      "shortName": "OnSpiderbotOrderCompletedEvent",
      "return": {
        "type": "Bool",
        "flags": 64
      },
      "flags": 33032,
      "params": [
        {
          "type": "handle:SpiderbotOrderCompletedEvent",
          "name": "evt",
          "flags": 128
        }
      ]
    },
    {
      "fullName": "OnTakeControl",
      "shortName": "OnTakeControl",
      "return": {
        "type": "Bool",
        "flags": 64
      },
      "flags": 33032,
      "params": [
        {
          "type": "entEntityResolveComponentsInterface",
          "name": "ri",
          "flags": 128
        }
      ]
    },
    {
      "fullName": "OnToggleActivation",
      "shortName": "OnToggleActivation",
      "return": {
        "type": "Bool",
        "flags": 64
      },
      "flags": 33032,
      "params": [
        {
          "type": "handle:ToggleActivation",
          "name": "evt",
          "flags": 128
        }
      ]
    },
    {
      "fullName": "OnWorkspotFinished",
      "shortName": "OnWorkspotFinished",
      "return": {
        "type": "Bool",
        "flags": 64
      },
      "flags": 33032,
      "params": [
        {
          "type": "CName",
          "name": "componentName",
          "flags": 128
        }
      ]
    },
    {
      "fullName": "DelayApperanceSwitchEvent;CNameFloat",
      "shortName": "DelayApperanceSwitchEvent",
      "flags": 32900,
      "params": [
        {
          "type": "CName",
          "name": "newApperance",
          "flags": 128
        },
        {
          "type": "Float",
          "name": "time",
          "flags": 128
        }
      ]
    },
    {
      "fullName": "DeterminGameplayRole;",
      "shortName": "DeterminGameplayRole",
      "return": {
        "type": "EGameplayRole",
        "flags": 64
      },
      "flags": 41472
    },
    {
      "fullName": "EnterWorkspot;GameObjectBoolCNameCName",
      "shortName": "EnterWorkspot",
      "flags": 33024,
      "params": [
        {
          "type": "handle:gameObject",
          "name": "activator",
          "flags": 128
        },
        {
          "type": "Bool",
          "name": "freeCamera",
          "flags": 1152
        },
        {
          "type": "CName",
          "name": "componentName",
          "flags": 1152
        },
        {
          "type": "CName",
          "name": "deviceData",
          "flags": 1152
        }
      ]
    },
    {
      "fullName": "GetController;",
      "shortName": "GetController",
      "return": {
        "type": "handle:ActivatorController",
        "flags": 64
      },
      "flags": 41088
    },
    {
      "fullName": "GetCurrentGameplayRole;",
      "shortName": "GetCurrentGameplayRole",
      "return": {
        "type": "EGameplayRole",
        "flags": 64
      },
      "flags": 41472
    },
    {
      "fullName": "GetDevicePS;",
      "shortName": "GetDevicePS",
      "return": {
        "type": "handle:ActivatorControllerPS",
        "flags": 64
      },
      "flags": 41472
    },
    {
      "fullName": "UpdateAnimState;",
      "shortName": "UpdateAnimState",
      "flags": 32900
    }
  ]
}
