{
  "parent": "ActionBool",
  "name": "ActivateDevice",
  "flags": 4,
  "props": [
    {
      "type": "String",
      "name": "tweakDBChoiceName",
      "flags": 4297326624
    }
  ],
  "funcs": [
    {
      "fullName": "ActivateDevice::IsDefaultConditionMet;ScriptableDeviceComponentPSscript_ref<GetActionsContext>",
      "shortName": "IsDefaultConditionMet",
      "return": {
        "type": "Bool",
        "flags": 64
      },
      "flags": 33286,
      "params": [
        {
          "type": "handle:ScriptableDeviceComponentPS",
          "name": "device",
          "flags": 128
        },
        {
          "type": "script_ref:gameGetActionsContext",
          "name": "context",
          "flags": 128
        }
      ]
    },
    {
      "fullName": "GetTweakDBChoiceRecord;",
      "shortName": "GetTweakDBChoiceRecord",
      "return": {
        "type": "String",
        "flags": 64
      },
      "flags": 33280
    },
    {
      "fullName": "SetProperties;CName",
      "shortName": "SetProperties",
      "flags": 33284,
      "params": [
        {
          "type": "CName",
          "name": "action_name",
          "flags": 1152
        }
      ]
    }
  ]
}
