{
  "parent": "DeviceOperationsTrigger",
  "name": "ActivatorOperationsTrigger",
  "flags": 4,
  "props": [
    {
      "type": "handle:ActivatorOperationTriggerData",
      "name": "triggerData",
      "flags": 4498522149
    }
  ],
  "funcs": [
    {
      "fullName": "EvaluateTrigger;GameObjectDeviceOperationsContainer",
      "shortName": "EvaluateTrigger",
      "flags": 33284,
      "params": [
        {
          "type": "whandle:gameObject",
          "name": "owner",
          "flags": 128
        },
        {
          "type": "handle:DeviceOperationsContainer",
          "name": "container",
          "flags": 128
        }
      ]
    }
  ]
}
