{
  "parent": "ActivatedDeviceTransfromAnim",
  "name": "ActivatedDeviceTrap",
  "flags": 4,
  "props": [
    {
      "type": "handle:gameStaticTriggerAreaComponent",
      "name": "areaComponent",
      "flags": 4498522145
    }
  ],
  "funcs": [
    {
      "fullName": "OnActivateDevice",
      "shortName": "OnActivateDevice",
      "return": {
        "type": "Bool",
        "flags": 64
      },
      "flags": 33032,
      "params": [
        {
          "type": "handle:ActivateDevice",
          "name": "evt",
          "flags": 128
        }
      ]
    },
    {
      "fullName": "OnAreaEnter",
      "shortName": "OnAreaEnter",
      "return": {
        "type": "Bool",
        "flags": 64
      },
      "flags": 33032,
      "params": [
        {
          "type": "handle:entAreaEnteredEvent",
          "name": "evt",
          "flags": 128
        }
      ]
    },
    {
      "fullName": "OnRequestComponents",
      "shortName": "OnRequestComponents",
      "return": {
        "type": "Bool",
        "flags": 64
      },
      "flags": 33032,
      "params": [
        {
          "type": "entEntityRequestComponentsInterface",
          "name": "ri",
          "flags": 128
        }
      ]
    },
    {
      "fullName": "OnTakeControl",
      "shortName": "OnTakeControl",
      "return": {
        "type": "Bool",
        "flags": 64
      },
      "flags": 33032,
      "params": [
        {
          "type": "entEntityResolveComponentsInterface",
          "name": "ri",
          "flags": 128
        }
      ]
    },
    {
      "fullName": "OnTimerEvent",
      "shortName": "OnTimerEvent",
      "return": {
        "type": "Bool",
        "flags": 64
      },
      "flags": 33032,
      "params": [
        {
          "type": "handle:TimerEvent",
          "name": "evt",
          "flags": 128
        }
      ]
    },
    {
      "fullName": "Distract;",
      "shortName": "Distract",
      "flags": 33028
    },
    {
      "fullName": "DoAttack;TweakDBID",
      "shortName": "DoAttack",
      "flags": 33028,
      "params": [
        {
          "type": "TweakDBID",
          "name": "attackRecord",
          "flags": 128
        }
      ]
    },
    {
      "fullName": "GetEntitiesInArea;",
      "shortName": "GetEntitiesInArea",
      "return": {
        "type": "array:handle:entEntity",
        "flags": 64
      },
      "flags": 33284
    },
    {
      "fullName": "RefreshAnimation;",
      "shortName": "RefreshAnimation",
      "flags": 33024
    },
    {
      "fullName": "ResolveGameplayState;",
      "shortName": "ResolveGameplayState",
      "flags": 33024
    }
  ]
}
