{
  "name": "ActivatedDeviceSetup",
  "flags": 8,
  "props": [
    {
      "type": "CName",
      "name": "actionName",
      "flags": 4362338337
    },
    {
      "type": "Bool",
      "name": "disableOnActivation",
      "flags": 4362338337
    },
    {
      "type": "Bool",
      "name": "glitchOnActivation",
      "flags": 4362338337
    },
    {
      "type": "gameFxResource",
      "name": "vfxResource",
      "flags": 4362338337
    },
    {
      "type": "CName",
      "name": "activationVFXname",
      "flags": 4362338337
    },
    {
      "type": "Bool",
      "name": "hasSimpleInteraction",
      "group": "AvailableInteractions",
      "flags": 4362338337
    },
    {
      "type": "Bool",
      "name": "hasSpiderbotInteraction",
      "group": "AvailableInteractions",
      "flags": 4362338337
    },
    {
      "type": "Bool",
      "name": "hasQuickHack",
      "group": "AvailableInteractions",
      "flags": 4362338337
    },
    {
      "type": "Bool",
      "name": "hasQuickHackDistraction",
      "group": "AvailableInteractions",
      "flags": 4362338337
    },
    {
      "type": "TweakDBID",
      "name": "alternativeInteractionName",
      "group": "InteractionNamesSetup",
      "flags": 4362338337
    },
    {
      "type": "TweakDBID",
      "name": "alternativeSpiderbotInteractionName",
      "group": "InteractionNamesSetup",
      "flags": 4362338337
    },
    {
      "type": "TweakDBID",
      "name": "alternativeQuickHackName",
      "group": "InteractionNamesSetup",
      "flags": 4362338337
    },
    {
      "type": "handle:EngDemoContainer",
      "name": "activatedDeviceSkillChecks",
      "flags": 4496556069
    },
    {
      "type": "TweakDBID",
      "name": "attackType",
      "group": "Trap Setup",
      "flags": 4362338337
    },
    {
      "type": "Bool",
      "name": "shouldActivateTrapOnAreaEnter",
      "group": "Trap Setup",
      "flags": 4362338337
    },
    {
      "type": "Bool",
      "name": "shouldRagdollOnAttack",
      "group": "Trap Setup",
      "flags": 4295229473
    },
    {
      "type": "TweakDBID",
      "name": "deviceWidgetRecord",
      "group": "UI",
      "flags": 4362338337
    },
    {
      "type": "TweakDBID",
      "name": "thumbnailIconRecord",
      "group": "UI",
      "flags": 4362338337
    },
    {
      "type": "TweakDBID",
      "name": "actionWidgetRecord",
      "group": "UI",
      "flags": 4362338337
    }
  ]
}
