{
  "parent": "InteractiveDevice",
  "name": "ActivatedDeviceTransfromAnim",
  "flags": 4,
  "props": [
    {
      "type": "Int32",
      "name": "animationState",
      "flags": 4297130016
    }
  ],
  "funcs": [
    {
      "fullName": "OnActionEngineering",
      "shortName": "OnActionEngineering",
      "return": {
        "type": "Bool",
        "flags": 64
      },
      "flags": 33032,
      "params": [
        {
          "type": "handle:ActionEngineering",
          "name": "evt",
          "flags": 128
        }
      ]
    },
    {
      "fullName": "OnActivateDevice",
      "shortName": "OnActivateDevice",
      "return": {
        "type": "Bool",
        "flags": 64
      },
      "flags": 33032,
      "params": [
        {
          "type": "handle:ActivateDevice",
          "name": "evt",
          "flags": 128
        }
      ]
    },
    {
      "fullName": "OnRequestComponents",
      "shortName": "OnRequestComponents",
      "return": {
        "type": "Bool",
        "flags": 64
      },
      "flags": 33032,
      "params": [
        {
          "type": "entEntityRequestComponentsInterface",
          "name": "ri",
          "flags": 128
        }
      ]
    },
    {
      "fullName": "OnSpiderbotOrderCompletedEvent",
      "shortName": "OnSpiderbotOrderCompletedEvent",
      "return": {
        "type": "Bool",
        "flags": 64
      },
      "flags": 33032,
      "params": [
        {
          "type": "handle:SpiderbotOrderCompletedEvent",
          "name": "evt",
          "flags": 128
        }
      ]
    },
    {
      "fullName": "OnTakeControl",
      "shortName": "OnTakeControl",
      "return": {
        "type": "Bool",
        "flags": 64
      },
      "flags": 33032,
      "params": [
        {
          "type": "entEntityResolveComponentsInterface",
          "name": "ri",
          "flags": 128
        }
      ]
    },
    {
      "fullName": "OnWorkspotFinished",
      "shortName": "OnWorkspotFinished",
      "return": {
        "type": "Bool",
        "flags": 64
      },
      "flags": 33032,
      "params": [
        {
          "type": "CName",
          "name": "componentName",
          "flags": 128
        }
      ]
    },
    {
      "fullName": "DeterminGameplayRoleMappinRange;script_ref<SDeviceMappinData>",
      "shortName": "DeterminGameplayRoleMappinRange",
      "return": {
        "type": "Float",
        "flags": 64
      },
      "flags": 41472,
      "params": [
        {
          "type": "script_ref:SDeviceMappinData",
          "name": "data",
          "flags": 128
        }
      ]
    },
    {
      "fullName": "EnterWorkspot;GameObjectBoolCNameCName",
      "shortName": "EnterWorkspot",
      "flags": 33024,
      "params": [
        {
          "type": "handle:gameObject",
          "name": "activator",
          "flags": 128
        },
        {
          "type": "Bool",
          "name": "freeCamera",
          "flags": 1152
        },
        {
          "type": "CName",
          "name": "componentName",
          "flags": 1152
        },
        {
          "type": "CName",
          "name": "deviceData",
          "flags": 1152
        }
      ]
    },
    {
      "fullName": "GetController;",
      "shortName": "GetController",
      "return": {
        "type": "handle:ActivatedDeviceController",
        "flags": 64
      },
      "flags": 41216
    },
    {
      "fullName": "GetDevicePS;",
      "shortName": "GetDevicePS",
      "return": {
        "type": "handle:ActivatedDeviceControllerPS",
        "flags": 64
      },
      "flags": 41472
    },
    {
      "fullName": "RefreshAnimation;",
      "shortName": "RefreshAnimation",
      "flags": 33024
    },
    {
      "fullName": "ResolveGameplayState;",
      "shortName": "ResolveGameplayState",
      "flags": 33024
    },
    {
      "fullName": "SendSimpleAnimFeature;BoolBoolBool",
      "shortName": "SendSimpleAnimFeature",
      "flags": 33028,
      "params": [
        {
          "type": "Bool",
          "name": "bool1",
          "flags": 128
        },
        {
          "type": "Bool",
          "name": "bool2",
          "flags": 128
        },
        {
          "type": "Bool",
          "name": "bool3",
          "flags": 128
        }
      ]
    },
    {
      "fullName": "SpawnVFXs;FxResource",
      "shortName": "SpawnVFXs",
      "flags": 33028,
      "params": [
        {
          "type": "gameFxResource",
          "name": "fx",
          "flags": 128
        }
      ]
    },
    {
      "fullName": "StartGlitching;EGlitchStateFloat",
      "shortName": "StartGlitching",
      "flags": 33024,
      "params": [
        {
          "type": "EGlitchState",
          "name": "glitchState",
          "flags": 128
        },
        {
          "type": "Float",
          "name": "intensity",
          "flags": 1152
        }
      ]
    },
    {
      "fullName": "StopGlitching;",
      "shortName": "StopGlitching",
      "flags": 33024
    },
    {
      "fullName": "UpdateDeviceState;Bool",
      "shortName": "UpdateDeviceState",
      "return": {
        "type": "Bool",
        "flags": 64
      },
      "flags": 33024,
      "params": [
        {
          "type": "Bool",
          "name": "isDelayed",
          "flags": 1152
        }
      ]
    }
  ]
}
