{
  "parent": "ActionBool",
  "name": "ActionWorkSpot",
  "flags": 5,
  "props": [
    {
      "type": "whandle:gamePuppet",
      "name": "workspotTarget",
      "flags": 4297130016
    }
  ],
  "funcs": [
    {
      "fullName": "GetWorkspotTarget;",
      "shortName": "GetWorkspotTarget",
      "return": {
        "type": "whandle:gamePuppet",
        "flags": 64
      },
      "flags": 33284
    },
    {
      "fullName": "SetUp;DeviceComponentPSgamePuppet",
      "shortName": "SetUp",
      "flags": 33284,
      "params": [
        {
          "type": "handle:gameDeviceComponentPS",
          "name": "owner",
          "flags": 128
        },
        {
          "type": "whandle:gamePuppet",
          "name": "workspotTarget",
          "flags": 128
        }
      ]
    }
  ]
}
