{
  "parent": "gameIScriptablePrereq",
  "name": "ActionTargetInDistancePrereq",
  "flags": 4,
  "props": [
    {
      "type": "whandle:gamedataAIActionTarget_Record",
      "name": "targetRecord",
      "flags": 4297326624
    },
    {
      "type": "Float",
      "name": "distance",
      "flags": 4297326624
    },
    {
      "type": "gamedataStatType",
      "name": "distanceStat",
      "flags": 4297326624
    },
    {
      "type": "Bool",
      "name": "invert",
      "flags": 4297326624
    }
  ],
  "funcs": [
    {
      "fullName": "Initialize;TweakDBID",
      "shortName": "Initialize",
      "flags": 34048,
      "params": [
        {
          "type": "TweakDBID",
          "name": "recordID",
          "flags": 128
        }
      ]
    },
    {
      "fullName": "IsFulfilled",
      "shortName": "IsFulfilled",
      "return": {
        "type": "Bool",
        "flags": 64
      },
      "flags": 42496,
      "params": [
        {
          "type": "ScriptGameInstance",
          "name": "game",
          "flags": 128
        },
        {
          "type": "handle:IScriptable",
          "name": "context",
          "flags": 128
        }
      ]
    },
    {
      "fullName": "OnApplied;PrereqStateGameInstanceIScriptable",
      "shortName": "OnApplied",
      "flags": 41216,
      "params": [
        {
          "type": "handle:gamePrereqState",
          "name": "state",
          "flags": 128
        },
        {
          "type": "ScriptGameInstance",
          "name": "game",
          "flags": 128
        },
        {
          "type": "handle:IScriptable",
          "name": "context",
          "flags": 128
        }
      ]
    }
  ]
}
