{
  "parent": "IScriptable",
  "name": "ActionNotifier",
  "flags": 4,
  "props": [
    {
      "type": "Bool",
      "name": "external",
      "flags": 4297326624
    },
    {
      "type": "Bool",
      "name": "internal",
      "flags": 4297326624
    },
    {
      "type": "Bool",
      "name": "failed",
      "flags": 4297326624
    }
  ],
  "funcs": [
    {
      "fullName": "IsAll;",
      "shortName": "IsAll",
      "return": {
        "type": "Bool",
        "flags": 64
      },
      "flags": 33284
    },
    {
      "fullName": "IsExternalOnly;",
      "shortName": "IsExternalOnly",
      "return": {
        "type": "Bool",
        "flags": 64
      },
      "flags": 33284
    },
    {
      "fullName": "IsFailed;",
      "shortName": "IsFailed",
      "return": {
        "type": "Bool",
        "flags": 64
      },
      "flags": 33284
    },
    {
      "fullName": "IsInternalOnly;",
      "shortName": "IsInternalOnly",
      "return": {
        "type": "Bool",
        "flags": 64
      },
      "flags": 33284
    },
    {
      "fullName": "IsNone;",
      "shortName": "IsNone",
      "return": {
        "type": "Bool",
        "flags": 64
      },
      "flags": 33284
    },
    {
      "fullName": "SetAll;",
      "shortName": "SetAll",
      "flags": 33284
    },
    {
      "fullName": "SetExternalOnly;",
      "shortName": "SetExternalOnly",
      "flags": 33284
    },
    {
      "fullName": "SetFailed;",
      "shortName": "SetFailed",
      "flags": 33284
    },
    {
      "fullName": "SetInternalOnly;",
      "shortName": "SetInternalOnly",
      "flags": 33284
    },
    {
      "fullName": "SetNone;",
      "shortName": "SetNone",
      "flags": 33284
    }
  ]
}
