{
  "parent": "ActionBool",
  "name": "ActionSkillCheck",
  "flags": 5,
  "props": [
    {
      "type": "handle:SkillCheckBase",
      "name": "skillCheck",
      "flags": 4431413280
    },
    {
      "type": "EDeviceChallengeSkill",
      "name": "skillCheckName",
      "flags": 4297195552
    },
    {
      "type": "String",
      "name": "localizedName",
      "flags": 4297195552
    },
    {
      "type": "UIInteractionSkillCheck",
      "name": "skillcheckDescription",
      "flags": 4297195552
    },
    {
      "type": "Bool",
      "name": "wasPassed",
      "flags": 4297195552
    },
    {
      "type": "Bool",
      "name": "availableUnpowered",
      "flags": 4297195552
    }
  ],
  "funcs": [
    {
      "fullName": "ActionSkillCheck::IsAvailable;ScriptableDeviceComponentPSBool",
      "shortName": "IsAvailable",
      "return": {
        "type": "Bool",
        "flags": 64
      },
      "flags": 33286,
      "params": [
        {
          "type": "handle:ScriptableDeviceComponentPS",
          "name": "device",
          "flags": 128
        },
        {
          "type": "Bool",
          "name": "availableUnpowered",
          "flags": 128
        }
      ]
    },
    {
      "fullName": "ActionSkillCheck::IsDefaultConditionMet;ScriptableDeviceComponentPSscript_ref<GetActionsContext>Bool",
      "shortName": "IsDefaultConditionMet",
      "return": {
        "type": "Bool",
        "flags": 64
      },
      "flags": 33286,
      "params": [
        {
          "type": "handle:ScriptableDeviceComponentPS",
          "name": "device",
          "flags": 128
        },
        {
          "type": "script_ref:gameGetActionsContext",
          "name": "context",
          "flags": 128
        },
        {
          "type": "Bool",
          "name": "availableUnpowered",
          "flags": 128
        }
      ]
    },
    {
      "fullName": "AvailableOnUnpowered;",
      "shortName": "AvailableOnUnpowered",
      "return": {
        "type": "Bool",
        "flags": 64
      },
      "flags": 33284
    },
    {
      "fullName": "CreateInteraction;GameObjectarray<DeviceAction>StringTweakDBID",
      "shortName": "CreateInteraction",
      "flags": 33284,
      "params": [
        {
          "type": "handle:gameObject",
          "name": "requester",
          "flags": 128
        },
        {
          "type": "array:handle:gamedeviceAction",
          "name": "actions",
          "flags": 1152
        },
        {
          "type": "String",
          "name": "alternativeMainChoiceRecord",
          "flags": 1152
        },
        {
          "type": "TweakDBID",
          "name": "alternativeMainChoiceRecordID",
          "flags": 1152
        }
      ]
    },
    {
      "fullName": "CreateSkillcheckInfo;GameObject",
      "shortName": "CreateSkillcheckInfo",
      "return": {
        "type": "UIInteractionSkillCheck",
        "flags": 64
      },
      "flags": 33284,
      "params": [
        {
          "type": "handle:gameObject",
          "name": "requester",
          "flags": 128
        }
      ]
    },
    {
      "fullName": "GetAttributeCheckType;",
      "shortName": "GetAttributeCheckType",
      "return": {
        "type": "EDeviceChallengeSkill",
        "flags": 64
      },
      "flags": 33280
    },
    {
      "fullName": "GetDefaultActionName;",
      "shortName": "GetDefaultActionName",
      "return": {
        "type": "CName",
        "flags": 64
      },
      "flags": 33024
    },
    {
      "fullName": "GetPlayerStateMachine;GameObject",
      "shortName": "GetPlayerStateMachine",
      "return": {
        "type": "handle:gameIBlackboard",
        "flags": 64
      },
      "flags": 41476,
      "params": [
        {
          "type": "handle:gameObject",
          "name": "requester",
          "flags": 128
        }
      ]
    },
    {
      "fullName": "GetSkillcheckInfo;",
      "shortName": "GetSkillcheckInfo",
      "return": {
        "type": "UIInteractionSkillCheck",
        "flags": 64
      },
      "flags": 41476
    },
    {
      "fullName": "GetTweakDBChoiceRecord;",
      "shortName": "GetTweakDBChoiceRecord",
      "return": {
        "type": "String",
        "flags": 64
      },
      "flags": 33280
    },
    {
      "fullName": "ResetCaption;",
      "shortName": "ResetCaption",
      "flags": 33284
    },
    {
      "fullName": "SetAvailableOnUnpowered;",
      "shortName": "SetAvailableOnUnpowered",
      "flags": 33284
    },
    {
      "fullName": "SetProperties;SkillCheckBase",
      "shortName": "SetProperties",
      "flags": 33284,
      "params": [
        {
          "type": "handle:SkillCheckBase",
          "name": "skillCheck",
          "flags": 128
        }
      ]
    },
    {
      "fullName": "SetSkillCheckReadyToPresentOnScreen;",
      "shortName": "SetSkillCheckReadyToPresentOnScreen",
      "flags": 41476
    },
    {
      "fullName": "WasPassed;",
      "shortName": "WasPassed",
      "return": {
        "type": "Bool",
        "flags": 64
      },
      "flags": 33284
    }
  ]
}
