{
  "parent": "CoverActionTransition",
  "name": "ActivateCoverDecisions",
  "flags": 4,
  "funcs": [
    {
      "fullName": "EnterCondition;StateContextStateGameScriptInterface",
      "shortName": "EnterCondition",
      "return": {
        "type": "Bool",
        "flags": 64
      },
      "flags": 42244,
      "params": [
        {
          "type": "handle:gamestateMachineStateContextScript",
          "name": "stateContext",
          "flags": 128
        },
        {
          "type": "handle:gamestateMachineGameScriptInterface",
          "name": "scriptInterface",
          "flags": 128
        }
      ]
    }
  ]
}
