{
  "parent": "ActivatedDeviceControllerPS",
  "name": "ActivatedDeviceNPCControllerPS",
  "flags": 1028,
  "props": [
    {
      "type": "ActivatedDeviceNPCSetup",
      "name": "activatedDeviceNPCSetup",
      "flags": 4632674337
    }
  ],
  "funcs": [
    {
      "fullName": "GameAttached;",
      "shortName": "GameAttached",
      "flags": 33024
    },
    {
      "fullName": "GetSpawnedNPC;",
      "shortName": "GetSpawnedNPC",
      "return": {
        "type": "handle:NPCPuppet",
        "flags": 64
      },
      "flags": 33284
    },
    {
      "fullName": "OnGameEntitySpawnerEvent;gameEntitySpawnerEvent",
      "shortName": "OnGameEntitySpawnerEvent",
      "return": {
        "type": "EntityNotificationType",
        "flags": 64
      },
      "flags": 33284,
      "params": [
        {
          "type": "handle:gameEntitySpawnerEvent",
          "name": "evt",
          "flags": 128
        }
      ]
    }
  ]
}
