{
  "parent": "ActionSkillCheck",
  "name": "ActionEngineering",
  "flags": 4,
  "funcs": [
    {
      "fullName": "GetDefaultActionName;",
      "shortName": "GetDefaultActionName",
      "return": {
        "type": "CName",
        "flags": 64
      },
      "flags": 33024
    },
    {
      "fullName": "GetInteractionIcon;",
      "shortName": "GetInteractionIcon",
      "return": {
        "type": "whandle:gamedataChoiceCaptionIconPart_Record",
        "flags": 64
      },
      "flags": 41472
    }
  ]
}
