{
  "parent": "ScriptableDeviceComponentPS",
  "name": "ActivatedDeviceControllerPS",
  "flags": 1028,
  "props": [
    {
      "type": "ActivatedDeviceAnimSetup",
      "name": "animationSetup",
      "flags": 4632739873
    },
    {
      "type": "ActivatedDeviceSetup",
      "name": "activatedDeviceSetup",
      "flags": 4632739873
    },
    {
      "type": "NodeRef",
      "name": "spiderbotInteractionLocationOverride",
      "flags": 4364304417
    },
    {
      "type": "Int32",
      "name": "industrialArmAnimationOverride",
      "flags": 4565565472
    }
  ],
  "funcs": [
    {
      "fullName": "ActionActivateDevice;TweakDBID",
      "shortName": "ActionActivateDevice",
      "return": {
        "type": "handle:ActivateDevice",
        "flags": 64
      },
      "flags": 33028,
      "params": [
        {
          "type": "TweakDBID",
          "name": "interactionTDBID",
          "flags": 128
        }
      ]
    },
    {
      "fullName": "ActionEngineering;script_ref<GetActionsContext>",
      "shortName": "ActionEngineering",
      "return": {
        "type": "handle:ActionEngineering",
        "flags": 64
      },
      "flags": 33024,
      "params": [
        {
          "type": "script_ref:gameGetActionsContext",
          "name": "context",
          "flags": 128
        }
      ]
    },
    {
      "fullName": "ActionQuestSetIndustrialArmAnimationOverride;",
      "shortName": "ActionQuestSetIndustrialArmAnimationOverride",
      "return": {
        "type": "handle:QuestSetIndustrialArmAnimationOverride",
        "flags": 64
      },
      "flags": 33028
    },
    {
      "fullName": "ActionQuestToggleAutomaticAttack;Bool",
      "shortName": "ActionQuestToggleAutomaticAttack",
      "return": {
        "type": "handle:QuestToggleAutomaticAttack",
        "flags": 64
      },
      "flags": 33028,
      "params": [
        {
          "type": "Bool",
          "name": "toggle",
          "flags": 128
        }
      ]
    },
    {
      "fullName": "ActionQuickHackActivateDevice;TweakDBID",
      "shortName": "ActionQuickHackActivateDevice",
      "return": {
        "type": "handle:ActivateDevice",
        "flags": 64
      },
      "flags": 33028,
      "params": [
        {
          "type": "TweakDBID",
          "name": "interactionTDBID",
          "flags": 128
        }
      ]
    },
    {
      "fullName": "ActionQuickHackDistraction;TweakDBID",
      "shortName": "ActionQuickHackDistraction",
      "return": {
        "type": "handle:QuickHackDistraction",
        "flags": 64
      },
      "flags": 33028,
      "params": [
        {
          "type": "TweakDBID",
          "name": "interactionTDBID",
          "flags": 128
        }
      ]
    },
    {
      "fullName": "ActionSpiderbotActivateActivator;TweakDBID",
      "shortName": "ActionSpiderbotActivateActivator",
      "return": {
        "type": "handle:SpiderbotActivateActivator",
        "flags": 64
      },
      "flags": 33028,
      "params": [
        {
          "type": "TweakDBID",
          "name": "interactionTDBID",
          "flags": 128
        }
      ]
    },
    {
      "fullName": "ActivateThisDevice;",
      "shortName": "ActivateThisDevice",
      "flags": 33284
    },
    {
      "fullName": "CanCreateAnyQuickHackActions;",
      "shortName": "CanCreateAnyQuickHackActions",
      "return": {
        "type": "Bool",
        "flags": 64
      },
      "flags": 41216
    },
    {
      "fullName": "CanCreateAnySpiderbotActions;",
      "shortName": "CanCreateAnySpiderbotActions",
      "return": {
        "type": "Bool",
        "flags": 64
      },
      "flags": 33024
    },
    {
      "fullName": "GetActionName;",
      "shortName": "GetActionName",
      "return": {
        "type": "CName",
        "flags": 64
      },
      "flags": 33284
    },
    {
      "fullName": "GetActions;array<DeviceAction>GetActionsContext",
      "shortName": "GetActions",
      "return": {
        "type": "Bool",
        "flags": 64
      },
      "flags": 33280,
      "params": [
        {
          "type": "array:handle:gamedeviceAction",
          "name": "actions",
          "flags": 640
        },
        {
          "type": "gameGetActionsContext",
          "name": "context",
          "flags": 128
        }
      ]
    },
    {
      "fullName": "GetActivationVFXname;",
      "shortName": "GetActivationVFXname",
      "return": {
        "type": "CName",
        "flags": 64
      },
      "flags": 33284
    },
    {
      "fullName": "GetAnimationTime;",
      "shortName": "GetAnimationTime",
      "return": {
        "type": "Float",
        "flags": 64
      },
      "flags": 33284
    },
    {
      "fullName": "GetAttackType;",
      "shortName": "GetAttackType",
      "return": {
        "type": "TweakDBID",
        "flags": 64
      },
      "flags": 33284
    },
    {
      "fullName": "GetDeviceIconTweakDBID;",
      "shortName": "GetDeviceIconTweakDBID",
      "return": {
        "type": "TweakDBID",
        "flags": 64
      },
      "flags": 33024
    },
    {
      "fullName": "GetIndustrialArmAnimationOverride;",
      "shortName": "GetIndustrialArmAnimationOverride",
      "return": {
        "type": "Int32",
        "flags": 64
      },
      "flags": 33284
    },
    {
      "fullName": "GetInkWidgetTweakDBID;script_ref<GetActionsContext>",
      "shortName": "GetInkWidgetTweakDBID",
      "return": {
        "type": "TweakDBID",
        "flags": 64
      },
      "flags": 33024,
      "params": [
        {
          "type": "script_ref:gameGetActionsContext",
          "name": "context",
          "flags": 128
        }
      ]
    },
    {
      "fullName": "GetInteractionName;",
      "shortName": "GetInteractionName",
      "return": {
        "type": "TweakDBID",
        "flags": 64
      },
      "flags": 33284
    },
    {
      "fullName": "GetNearestViableParent;",
      "shortName": "GetNearestViableParent",
      "return": {
        "type": "whandle:gameObject",
        "flags": 64
      },
      "flags": 32900
    },
    {
      "fullName": "GetQuestActionByName;CName",
      "shortName": "GetQuestActionByName",
      "return": {
        "type": "handle:gamedeviceAction",
        "flags": 64
      },
      "flags": 33280,
      "params": [
        {
          "type": "CName",
          "name": "actionName",
          "flags": 128
        }
      ]
    },
    {
      "fullName": "GetQuestActions;array<DeviceAction>script_ref<GetActionsContext>",
      "shortName": "GetQuestActions",
      "flags": 33280,
      "params": [
        {
          "type": "array:handle:gamedeviceAction",
          "name": "actions",
          "flags": 640
        },
        {
          "type": "script_ref:gameGetActionsContext",
          "name": "context",
          "flags": 128
        }
      ]
    },
    {
      "fullName": "GetQuickHackActions;array<DeviceAction>script_ref<GetActionsContext>",
      "shortName": "GetQuickHackActions",
      "flags": 33024,
      "params": [
        {
          "type": "array:handle:gamedeviceAction",
          "name": "actions",
          "flags": 640
        },
        {
          "type": "script_ref:gameGetActionsContext",
          "name": "context",
          "flags": 128
        }
      ]
    },
    {
      "fullName": "GetQuickHackName;",
      "shortName": "GetQuickHackName",
      "return": {
        "type": "TweakDBID",
        "flags": 64
      },
      "flags": 33284
    },
    {
      "fullName": "GetSkillCheckContainerForSetup;",
      "shortName": "GetSkillCheckContainerForSetup",
      "return": {
        "type": "handle:BaseSkillCheckContainer",
        "flags": 64
      },
      "flags": 33024
    },
    {
      "fullName": "GetSpidebotInteractionName;",
      "shortName": "GetSpidebotInteractionName",
      "return": {
        "type": "TweakDBID",
        "flags": 64
      },
      "flags": 33284
    },
    {
      "fullName": "GetSpiderbotActions;script_ref<array<DeviceAction>>script_ref<GetActionsContext>",
      "shortName": "GetSpiderbotActions",
      "flags": 33024,
      "params": [
        {
          "type": "script_ref:array:handle:gamedeviceAction",
          "name": "outActions",
          "flags": 128
        },
        {
          "type": "script_ref:gameGetActionsContext",
          "name": "context",
          "flags": 128
        }
      ]
    },
    {
      "fullName": "GetSpiderbotInteractionLocationOverride;",
      "shortName": "GetSpiderbotInteractionLocationOverride",
      "return": {
        "type": "NodeRef",
        "flags": 64
      },
      "flags": 33284
    },
    {
      "fullName": "GetVFX;",
      "shortName": "GetVFX",
      "return": {
        "type": "gameFxResource",
        "flags": 64
      },
      "flags": 33284
    },
    {
      "fullName": "HasQuickHack;",
      "shortName": "HasQuickHack",
      "return": {
        "type": "Bool",
        "flags": 64
      },
      "flags": 41476
    },
    {
      "fullName": "HasQuickHackDistraction;",
      "shortName": "HasQuickHackDistraction",
      "return": {
        "type": "Bool",
        "flags": 64
      },
      "flags": 41476
    },
    {
      "fullName": "HasSpiderbotInteraction;",
      "shortName": "HasSpiderbotInteraction",
      "return": {
        "type": "Bool",
        "flags": 64
      },
      "flags": 41476
    },
    {
      "fullName": "OnActionEngineering;ActionEngineering",
      "shortName": "OnActionEngineering",
      "return": {
        "type": "EntityNotificationType",
        "flags": 64
      },
      "flags": 33280,
      "params": [
        {
          "type": "handle:ActionEngineering",
          "name": "evt",
          "flags": 128
        }
      ]
    },
    {
      "fullName": "OnActivateDevice;ActivateDevice",
      "shortName": "OnActivateDevice",
      "return": {
        "type": "EntityNotificationType",
        "flags": 64
      },
      "flags": 33024,
      "params": [
        {
          "type": "handle:ActivateDevice",
          "name": "evt",
          "flags": 128
        }
      ]
    },
    {
      "fullName": "OnQuestSetIndustrialArmAnimationOverride;QuestSetIndustrialArmAnimationOverride",
      "shortName": "OnQuestSetIndustrialArmAnimationOverride",
      "return": {
        "type": "EntityNotificationType",
        "flags": 64
      },
      "flags": 33028,
      "params": [
        {
          "type": "handle:QuestSetIndustrialArmAnimationOverride",
          "name": "evt",
          "flags": 128
        }
      ]
    },
    {
      "fullName": "OnQuestToggleAutomaticAttack;QuestToggleAutomaticAttack",
      "shortName": "OnQuestToggleAutomaticAttack",
      "return": {
        "type": "EntityNotificationType",
        "flags": 64
      },
      "flags": 33028,
      "params": [
        {
          "type": "handle:QuestToggleAutomaticAttack",
          "name": "evt",
          "flags": 128
        }
      ]
    },
    {
      "fullName": "OnSpiderbotActivateActivator;SpiderbotActivateActivator",
      "shortName": "OnSpiderbotActivateActivator",
      "return": {
        "type": "EntityNotificationType",
        "flags": 64
      },
      "flags": 33284,
      "params": [
        {
          "type": "handle:SpiderbotActivateActivator",
          "name": "evt",
          "flags": 128
        }
      ]
    },
    {
      "fullName": "ShouldActivateTrapOnAreaEnter;",
      "shortName": "ShouldActivateTrapOnAreaEnter",
      "return": {
        "type": "Bool",
        "flags": 64
      },
      "flags": 41476
    },
    {
      "fullName": "ShouldGlitchOnActivation;",
      "shortName": "ShouldGlitchOnActivation",
      "return": {
        "type": "Bool",
        "flags": 64
      },
      "flags": 33284
    },
    {
      "fullName": "ShouldRadgollOnAttack;",
      "shortName": "ShouldRadgollOnAttack",
      "return": {
        "type": "Bool",
        "flags": 64
      },
      "flags": 33284
    }
  ]
}
