{
  "parent": "ActivatedDeviceTransfromAnim",
  "name": "ActivatedDeviceCover",
  "flags": 4,
  "props": [
    {
      "type": "handle:AIOffMeshConnectionComponent",
      "name": "offMeshConnection",
      "flags": 4431413280
    }
  ],
  "funcs": [
    {
      "fullName": "OnActivateDevice",
      "shortName": "OnActivateDevice",
      "return": {
        "type": "Bool",
        "flags": 64
      },
      "flags": 33032,
      "params": [
        {
          "type": "handle:ActivateDevice",
          "name": "evt",
          "flags": 128
        }
      ]
    },
    {
      "fullName": "OnRequestComponents",
      "shortName": "OnRequestComponents",
      "return": {
        "type": "Bool",
        "flags": 64
      },
      "flags": 33032,
      "params": [
        {
          "type": "entEntityRequestComponentsInterface",
          "name": "ri",
          "flags": 128
        }
      ]
    },
    {
      "fullName": "OnTakeControl",
      "shortName": "OnTakeControl",
      "return": {
        "type": "Bool",
        "flags": 64
      },
      "flags": 33032,
      "params": [
        {
          "type": "entEntityResolveComponentsInterface",
          "name": "ri",
          "flags": 128
        }
      ]
    }
  ]
}
