{
  "parent": "AIbehaviorconditionScript",
  "name": "ActionWeightCondition",
  "flags": 4,
  "props": [
    {
      "type": "handle:AIArgumentMapping",
      "name": "selectedActionIndex",
      "flags": 4431544357
    },
    {
      "type": "Int32",
      "name": "thisIndex",
      "flags": 4297326625
    }
  ],
  "funcs": [
    {
      "fullName": "Check;ScriptExecutionContext",
      "shortName": "Check",
      "return": {
        "type": "AIbehaviorConditionOutcomes",
        "flags": 64
      },
      "flags": 34048,
      "params": [
        {
          "type": "AIbehaviorScriptExecutionContext",
          "name": "context",
          "flags": 128
        }
      ]
    }
  ]
}
