{
  "parent": "IScriptable",
  "name": "ActivityCardsHelper",
  "flags": 4,
  "funcs": [
    {
      "fullName": "CanPlayerSkipTime;",
      "shortName": "CanPlayerSkipTime",
      "return": {
        "type": "Bool",
        "flags": 64
      },
      "flags": 33284
    },
    {
      "fullName": "GetCurrentDisctrictName;",
      "shortName": "GetCurrentDisctrictName",
      "return": {
        "type": "String",
        "flags": 64
      },
      "flags": 33284
    }
  ]
}
