{
  "parent": "ActivatedDeviceTransfromAnim",
  "name": "ActivatedDeviceNPC",
  "flags": 4,
  "props": [
    {
      "type": "Bool",
      "name": "hasProperAnimations",
      "flags": 4364435489
    }
  ],
  "funcs": [
    {
      "fullName": "OnActivateDevice",
      "shortName": "OnActivateDevice",
      "return": {
        "type": "Bool",
        "flags": 64
      },
      "flags": 33032,
      "params": [
        {
          "type": "handle:ActivateDevice",
          "name": "evt",
          "flags": 128
        }
      ]
    },
    {
      "fullName": "OnGameEntitySpawnerEvent",
      "shortName": "OnGameEntitySpawnerEvent",
      "return": {
        "type": "Bool",
        "flags": 64
      },
      "flags": 33032,
      "params": [
        {
          "type": "handle:gameEntitySpawnerEvent",
          "name": "evt",
          "flags": 128
        }
      ]
    },
    {
      "fullName": "OnRequestComponents",
      "shortName": "OnRequestComponents",
      "return": {
        "type": "Bool",
        "flags": 64
      },
      "flags": 33032,
      "params": [
        {
          "type": "entEntityRequestComponentsInterface",
          "name": "ri",
          "flags": 128
        }
      ]
    },
    {
      "fullName": "OnSpiderbotOrderCompletedEvent",
      "shortName": "OnSpiderbotOrderCompletedEvent",
      "return": {
        "type": "Bool",
        "flags": 64
      },
      "flags": 33032,
      "params": [
        {
          "type": "handle:SpiderbotOrderCompletedEvent",
          "name": "evt",
          "flags": 128
        }
      ]
    },
    {
      "fullName": "OnTakeControl",
      "shortName": "OnTakeControl",
      "return": {
        "type": "Bool",
        "flags": 64
      },
      "flags": 33032,
      "params": [
        {
          "type": "entEntityResolveComponentsInterface",
          "name": "ri",
          "flags": 128
        }
      ]
    },
    {
      "fullName": "OnWorkspotFinished",
      "shortName": "OnWorkspotFinished",
      "return": {
        "type": "Bool",
        "flags": 64
      },
      "flags": 33032,
      "params": [
        {
          "type": "CName",
          "name": "componentName",
          "flags": 128
        }
      ]
    },
    {
      "fullName": "DeterminGameplayRole;",
      "shortName": "DeterminGameplayRole",
      "return": {
        "type": "EGameplayRole",
        "flags": 64
      },
      "flags": 41472
    },
    {
      "fullName": "EnterWorkspot;GameObjectBoolCNameCNameCName",
      "shortName": "EnterWorkspot",
      "flags": 33024,
      "params": [
        {
          "type": "handle:gameObject",
          "name": "activator",
          "flags": 128
        },
        {
          "type": "Bool",
          "name": "freeCamera",
          "flags": 1152
        },
        {
          "type": "CName",
          "name": "componentName",
          "flags": 1152
        },
        {
          "type": "CName",
          "name": "deviceData",
          "flags": 1152
        },
        {
          "type": "CName",
          "name": "typeOfEvent",
          "flags": 1152
        }
      ]
    },
    {
      "fullName": "GetController;",
      "shortName": "GetController",
      "return": {
        "type": "handle:ActivatedDeviceNPCController",
        "flags": 64
      },
      "flags": 41216
    },
    {
      "fullName": "GetDevicePS;",
      "shortName": "GetDevicePS",
      "return": {
        "type": "handle:ActivatedDeviceNPCControllerPS",
        "flags": 64
      },
      "flags": 41472
    }
  ]
}
