{
  "parent": "MasterControllerPS",
  "name": "ActivatorControllerPS",
  "flags": 1028,
  "props": [
    {
      "type": "Bool",
      "name": "hasSpiderbotInteraction",
      "group": "AvailableInteractions",
      "flags": 4364238881
    },
    {
      "type": "NodeRef",
      "name": "spiderbotInteractionLocationOverride",
      "group": "AvailableInteractions",
      "flags": 4364238881
    },
    {
      "type": "Bool",
      "name": "hasSimpleInteraction",
      "group": "AvailableInteractions",
      "flags": 4364238881
    },
    {
      "type": "TweakDBID",
      "name": "alternativeInteractionName",
      "group": "InteractionNamesSetup",
      "flags": 4364238881
    },
    {
      "type": "TweakDBID",
      "name": "alternativeSpiderbotInteractionName",
      "group": "InteractionNamesSetup",
      "flags": 4364238881
    },
    {
      "type": "TweakDBID",
      "name": "alternativeQuickHackName",
      "group": "InteractionNamesSetup",
      "flags": 4364238881
    },
    {
      "type": "handle:GenericContainer",
      "name": "activatorSkillChecks",
      "flags": 4498456613
    },
    {
      "type": "String",
      "name": "alternativeInteractionString",
      "flags": 4297130016
    }
  ],
  "funcs": [
    {
      "fullName": "ActionDemolition;script_ref<GetActionsContext>",
      "shortName": "ActionDemolition",
      "return": {
        "type": "handle:ActionDemolition",
        "flags": 64
      },
      "flags": 33024,
      "params": [
        {
          "type": "script_ref:gameGetActionsContext",
          "name": "context",
          "flags": 128
        }
      ]
    },
    {
      "fullName": "ActionEngineering;script_ref<GetActionsContext>",
      "shortName": "ActionEngineering",
      "return": {
        "type": "handle:ActionEngineering",
        "flags": 64
      },
      "flags": 33024,
      "params": [
        {
          "type": "script_ref:gameGetActionsContext",
          "name": "context",
          "flags": 128
        }
      ]
    },
    {
      "fullName": "ActionSpiderbotActivateActivator;TweakDBID",
      "shortName": "ActionSpiderbotActivateActivator",
      "return": {
        "type": "handle:SpiderbotActivateActivator",
        "flags": 64
      },
      "flags": 33028,
      "params": [
        {
          "type": "TweakDBID",
          "name": "interactionTDBID",
          "flags": 128
        }
      ]
    },
    {
      "fullName": "ActionToggleActivation;TweakDBID",
      "shortName": "ActionToggleActivation",
      "return": {
        "type": "handle:ToggleActivation",
        "flags": 64
      },
      "flags": 33028,
      "params": [
        {
          "type": "TweakDBID",
          "name": "interactionTDBID",
          "flags": 128
        }
      ]
    },
    {
      "fullName": "ActivateConnectedDevices;",
      "shortName": "ActivateConnectedDevices",
      "flags": 33284
    },
    {
      "fullName": "CanCreateAnyQuickHackActions;",
      "shortName": "CanCreateAnyQuickHackActions",
      "return": {
        "type": "Bool",
        "flags": 64
      },
      "flags": 41216
    },
    {
      "fullName": "CanCreateAnySpiderbotActions;",
      "shortName": "CanCreateAnySpiderbotActions",
      "return": {
        "type": "Bool",
        "flags": 64
      },
      "flags": 33024
    },
    {
      "fullName": "GameAttached;",
      "shortName": "GameAttached",
      "flags": 33024
    },
    {
      "fullName": "GetActions;array<DeviceAction>GetActionsContext",
      "shortName": "GetActions",
      "return": {
        "type": "Bool",
        "flags": 64
      },
      "flags": 33280,
      "params": [
        {
          "type": "array:handle:gamedeviceAction",
          "name": "outActions",
          "flags": 640
        },
        {
          "type": "gameGetActionsContext",
          "name": "context",
          "flags": 128
        }
      ]
    },
    {
      "fullName": "GetQuestActionByName;CName",
      "shortName": "GetQuestActionByName",
      "return": {
        "type": "handle:gamedeviceAction",
        "flags": 64
      },
      "flags": 33280,
      "params": [
        {
          "type": "CName",
          "name": "actionName",
          "flags": 128
        }
      ]
    },
    {
      "fullName": "GetQuestActions;array<DeviceAction>script_ref<GetActionsContext>",
      "shortName": "GetQuestActions",
      "flags": 33280,
      "params": [
        {
          "type": "array:handle:gamedeviceAction",
          "name": "actions",
          "flags": 640
        },
        {
          "type": "script_ref:gameGetActionsContext",
          "name": "context",
          "flags": 128
        }
      ]
    },
    {
      "fullName": "GetQuickHackActions;array<DeviceAction>script_ref<GetActionsContext>",
      "shortName": "GetQuickHackActions",
      "flags": 33024,
      "params": [
        {
          "type": "array:handle:gamedeviceAction",
          "name": "actions",
          "flags": 640
        },
        {
          "type": "script_ref:gameGetActionsContext",
          "name": "context",
          "flags": 128
        }
      ]
    },
    {
      "fullName": "GetSkillCheckContainerForSetup;",
      "shortName": "GetSkillCheckContainerForSetup",
      "return": {
        "type": "handle:BaseSkillCheckContainer",
        "flags": 64
      },
      "flags": 33024
    },
    {
      "fullName": "GetSpiderbotActions;script_ref<array<DeviceAction>>script_ref<GetActionsContext>",
      "shortName": "GetSpiderbotActions",
      "flags": 33024,
      "params": [
        {
          "type": "script_ref:array:handle:gamedeviceAction",
          "name": "actions",
          "flags": 128
        },
        {
          "type": "script_ref:gameGetActionsContext",
          "name": "context",
          "flags": 128
        }
      ]
    },
    {
      "fullName": "GetSpiderbotInteractionLocationOverride;",
      "shortName": "GetSpiderbotInteractionLocationOverride",
      "return": {
        "type": "NodeRef",
        "flags": 64
      },
      "flags": 33284
    },
    {
      "fullName": "OnActionDemolition;ActionDemolition",
      "shortName": "OnActionDemolition",
      "return": {
        "type": "EntityNotificationType",
        "flags": 64
      },
      "flags": 33280,
      "params": [
        {
          "type": "handle:ActionDemolition",
          "name": "evt",
          "flags": 128
        }
      ]
    },
    {
      "fullName": "OnActionEngineering;ActionEngineering",
      "shortName": "OnActionEngineering",
      "return": {
        "type": "EntityNotificationType",
        "flags": 64
      },
      "flags": 33280,
      "params": [
        {
          "type": "handle:ActionEngineering",
          "name": "evt",
          "flags": 128
        }
      ]
    },
    {
      "fullName": "OnDisassembleDevice;DisassembleDevice",
      "shortName": "OnDisassembleDevice",
      "return": {
        "type": "EntityNotificationType",
        "flags": 64
      },
      "flags": 33280,
      "params": [
        {
          "type": "handle:DisassembleDevice",
          "name": "evt",
          "flags": 128
        }
      ]
    },
    {
      "fullName": "OnQuestForceActivate;QuestForceActivate",
      "shortName": "OnQuestForceActivate",
      "return": {
        "type": "EntityNotificationType",
        "flags": 64
      },
      "flags": 34304,
      "params": [
        {
          "type": "handle:QuestForceActivate",
          "name": "evt",
          "flags": 128
        }
      ]
    },
    {
      "fullName": "OnSpiderbotActivateActivator;SpiderbotActivateActivator",
      "shortName": "OnSpiderbotActivateActivator",
      "return": {
        "type": "EntityNotificationType",
        "flags": 64
      },
      "flags": 33284,
      "params": [
        {
          "type": "handle:SpiderbotActivateActivator",
          "name": "evt",
          "flags": 128
        }
      ]
    },
    {
      "fullName": "OnToggleActivation;ToggleActivation",
      "shortName": "OnToggleActivation",
      "return": {
        "type": "EntityNotificationType",
        "flags": 64
      },
      "flags": 33280,
      "params": [
        {
          "type": "handle:ToggleActivation",
          "name": "evt",
          "flags": 128
        }
      ]
    },
    {
      "fullName": "ResolveActionHackingCompleted;ActionHacking",
      "shortName": "ResolveActionHackingCompleted",
      "flags": 33024,
      "params": [
        {
          "type": "handle:ActionHacking",
          "name": "evt",
          "flags": 128
        }
      ]
    }
  ]
}
