{
  "parent": "ActivatedDeviceTrap",
  "name": "ActivatedDeviceTrapDestruction",
  "flags": 4,
  "props": [
    {
      "type": "array:CName",
      "name": "physicalMeshNames",
      "flags": 6650200097
    },
    {
      "type": "array:handle:entPhysicalMeshComponent",
      "name": "physicalMeshes",
      "flags": 6583091232
    },
    {
      "type": "array:CName",
      "name": "hideMeshNames",
      "flags": 6650200097
    },
    {
      "type": "array:handle:entIPlacedComponent",
      "name": "hideMeshes",
      "flags": 6583091232
    },
    {
      "type": "array:CName",
      "name": "hitColliderNames",
      "flags": 6650200097
    },
    {
      "type": "array:handle:entIPlacedComponent",
      "name": "hitColliders",
      "flags": 6583091232
    },
    {
      "type": "Vector4",
      "name": "impulseVector",
      "flags": 4364304417
    },
    {
      "type": "array:gameFxResource",
      "name": "physicalMeshImpactVFX",
      "flags": 6583091233
    },
    {
      "type": "array:CName",
      "name": "componentsToEnableNames",
      "flags": 6583091233
    },
    {
      "type": "array:handle:entIPlacedComponent",
      "name": "componentsToEnable",
      "flags": 6583091232
    },
    {
      "type": "Int32",
      "name": "hitCount",
      "flags": 4297195552
    },
    {
      "type": "Bool",
      "name": "wasAttackPerformed",
      "flags": 4297195552
    },
    {
      "type": "array:CName",
      "name": "alreadyPlayedVFXComponents",
      "flags": 6583091232
    },
    {
      "type": "Bool",
      "name": "shouldCheckPhysicalCollisions",
      "flags": 4297195552
    },
    {
      "type": "whandle:IScriptable",
      "name": "lastEntityHit",
      "flags": 4297195552
    },
    {
      "type": "Float",
      "name": "timeToActivatePhysics",
      "flags": 4364304417
    }
  ],
  "funcs": [
    {
      "fullName": "OnActivateDevice",
      "shortName": "OnActivateDevice",
      "return": {
        "type": "Bool",
        "flags": 64
      },
      "flags": 33032,
      "params": [
        {
          "type": "handle:ActivateDevice",
          "name": "evt",
          "flags": 128
        }
      ]
    },
    {
      "fullName": "OnGameAttached",
      "shortName": "OnGameAttached",
      "return": {
        "type": "Bool",
        "flags": 64
      },
      "flags": 33032
    },
    {
      "fullName": "OnHit",
      "shortName": "OnHit",
      "return": {
        "type": "Bool",
        "flags": 64
      },
      "flags": 33032,
      "params": [
        {
          "type": "handle:gameeventsHitEvent",
          "name": "evt",
          "flags": 128
        }
      ]
    },
    {
      "fullName": "OnPhysicalCollisionEvent",
      "shortName": "OnPhysicalCollisionEvent",
      "return": {
        "type": "Bool",
        "flags": 64
      },
      "flags": 33032,
      "params": [
        {
          "type": "handle:enteventsPhysicalCollisionEvent",
          "name": "evt",
          "flags": 128
        }
      ]
    },
    {
      "fullName": "OnRequestComponents",
      "shortName": "OnRequestComponents",
      "return": {
        "type": "Bool",
        "flags": 64
      },
      "flags": 33032,
      "params": [
        {
          "type": "entEntityRequestComponentsInterface",
          "name": "ri",
          "flags": 128
        }
      ]
    },
    {
      "fullName": "OnTakeControl",
      "shortName": "OnTakeControl",
      "return": {
        "type": "Bool",
        "flags": 64
      },
      "flags": 33032,
      "params": [
        {
          "type": "entEntityResolveComponentsInterface",
          "name": "ri",
          "flags": 128
        }
      ]
    },
    {
      "fullName": "OnTimerEvent",
      "shortName": "OnTimerEvent",
      "return": {
        "type": "Bool",
        "flags": 64
      },
      "flags": 33032,
      "params": [
        {
          "type": "handle:TimerEvent",
          "name": "evt",
          "flags": 128
        }
      ]
    },
    {
      "fullName": "OnTrapPhysicsActivationEvent",
      "shortName": "OnTrapPhysicsActivationEvent",
      "return": {
        "type": "Bool",
        "flags": 64
      },
      "flags": 33032,
      "params": [
        {
          "type": "handle:TrapPhysicsActivationEvent",
          "name": "evt",
          "flags": 128
        }
      ]
    },
    {
      "fullName": "ActivatePhysicalMeshes;",
      "shortName": "ActivatePhysicalMeshes",
      "flags": 33028
    },
    {
      "fullName": "EnableComponents;",
      "shortName": "EnableComponents",
      "flags": 33028
    },
    {
      "fullName": "GetLastEntityHit;",
      "shortName": "GetLastEntityHit",
      "return": {
        "type": "whandle:IScriptable",
        "flags": 64
      },
      "flags": 33284
    },
    {
      "fullName": "HideMeshes;",
      "shortName": "HideMeshes",
      "flags": 33028
    },
    {
      "fullName": "HidePhysicalMeshes;",
      "shortName": "HidePhysicalMeshes",
      "flags": 33028
    },
    {
      "fullName": "RefreshAnimation;",
      "shortName": "RefreshAnimation",
      "flags": 33024
    }
  ]
}
