{
  "parent": "gameCustomValueStatPoolsListener",
  "name": "AdamSmasherHealthChangeListener",
  "flags": 4,
  "props": [
    {
      "type": "whandle:NPCPuppet",
      "name": "owner",
      "flags": 4297326624
    },
    {
      "type": "whandle:PlayerPuppet",
      "name": "player",
      "flags": 4297326624
    },
    {
      "type": "handle:AdamSmasherComponent",
      "name": "adamSmasherComponent",
      "flags": 4431347744
    },
    {
      "type": "gamedataStatPoolType",
      "name": "statPoolType",
      "flags": 4297130016
    },
    {
      "type": "handle:gameStatPoolsSystem",
      "name": "statPoolSystem",
      "flags": 4431347744
    }
  ],
  "funcs": [
    {
      "fullName": "ApplyEmergency;",
      "shortName": "ApplyEmergency",
      "flags": 33284
    },
    {
      "fullName": "ApplyPhase2;",
      "shortName": "ApplyPhase2",
      "flags": 33284
    },
    {
      "fullName": "ApplyPhase3;",
      "shortName": "ApplyPhase3",
      "flags": 33284
    },
    {
      "fullName": "ApplySmashed;",
      "shortName": "ApplySmashed",
      "flags": 33284
    },
    {
      "fullName": "CheckPhase;FloatFloatFloat",
      "shortName": "CheckPhase",
      "flags": 33284,
      "params": [
        {
          "type": "Float",
          "name": "oldValue",
          "flags": 128
        },
        {
          "type": "Float",
          "name": "newValue",
          "flags": 128
        },
        {
          "type": "Float",
          "name": "percToPoints",
          "flags": 128
        }
      ]
    },
    {
      "fullName": "DestroyWeakspotGenerator;",
      "shortName": "DestroyWeakspotGenerator",
      "flags": 32900
    },
    {
      "fullName": "DisableAllSandyEdgerunnerFxs;",
      "shortName": "DisableAllSandyEdgerunnerFxs",
      "flags": 32900
    },
    {
      "fullName": "DisableFrontPlate;",
      "shortName": "DisableFrontPlate",
      "flags": 32900
    },
    {
      "fullName": "DisableLauncherWeakspot;",
      "shortName": "DisableLauncherWeakspot",
      "flags": 32900
    },
    {
      "fullName": "DisableRightArm;",
      "shortName": "DisableRightArm",
      "flags": 32900
    },
    {
      "fullName": "DisableTorsoWeakspot;",
      "shortName": "DisableTorsoWeakspot",
      "flags": 32900
    },
    {
      "fullName": "EnableHeadWeakspot;",
      "shortName": "EnableHeadWeakspot",
      "flags": 32900
    },
    {
      "fullName": "EnableLauncherWeakspot;",
      "shortName": "EnableLauncherWeakspot",
      "flags": 32900
    },
    {
      "fullName": "EnableTorsoWeakspot;",
      "shortName": "EnableTorsoWeakspot",
      "flags": 32900
    },
    {
      "fullName": "OnStatPoolValueChanged;FloatFloatFloat",
      "shortName": "OnStatPoolValueChanged",
      "flags": 33280,
      "params": [
        {
          "type": "Float",
          "name": "oldValue",
          "flags": 128
        },
        {
          "type": "Float",
          "name": "newValue",
          "flags": 128
        },
        {
          "type": "Float",
          "name": "percToPoints",
          "flags": 128
        }
      ]
    },
    {
      "fullName": "RemoveEmergency;",
      "shortName": "RemoveEmergency",
      "flags": 33284
    }
  ]
}
