{
  "parent": "AIbehaviortaskScript",
  "name": "AddActiveStimuli",
  "flags": 4,
  "props": [
    {
      "type": "gamedataStimType",
      "name": "stimType",
      "flags": 4297326625
    },
    {
      "type": "Float",
      "name": "lifetime",
      "flags": 4297326625
    }
  ],
  "funcs": [
    {
      "fullName": "Activate;ScriptExecutionContext",
      "shortName": "Activate",
      "flags": 33024,
      "params": [
        {
          "type": "AIbehaviorScriptExecutionContext",
          "name": "context",
          "flags": 128
        }
      ]
    },
    {
      "fullName": "Deactivate;ScriptExecutionContext",
      "shortName": "Deactivate",
      "flags": 33024,
      "params": [
        {
          "type": "AIbehaviorScriptExecutionContext",
          "name": "context",
          "flags": 128
        }
      ]
    }
  ]
}
