{
  "parent": "gameEffector",
  "name": "AddDevelopmentPointEffector",
  "flags": 4,
  "props": [
    {
      "type": "Int32",
      "name": "amount",
      "flags": 4297326624
    },
    {
      "type": "gamedataDevelopmentPointType",
      "name": "type",
      "flags": 4297326624
    },
    {
      "type": "TweakDBID",
      "name": "tdbid",
      "flags": 4297326624
    }
  ],
  "funcs": [
    {
      "fullName": "ActionOn;GameObject",
      "shortName": "ActionOn",
      "flags": 34048,
      "params": [
        {
          "type": "handle:gameObject",
          "name": "owner",
          "flags": 128
        }
      ]
    },
    {
      "fullName": "Initialize;TweakDBIDGameInstanceTweakDBID",
      "shortName": "Initialize",
      "flags": 34048,
      "params": [
        {
          "type": "TweakDBID",
          "name": "record",
          "flags": 128
        },
        {
          "type": "ScriptGameInstance",
          "name": "game",
          "flags": 128
        },
        {
          "type": "TweakDBID",
          "name": "parentRecord",
          "flags": 128
        }
      ]
    }
  ]
}
