{
  "parent": "gamePlayerScriptableSystemRequest",
  "name": "AddExperience",
  "flags": 4,
  "props": [
    {
      "type": "Int32",
      "name": "amount",
      "flags": 4297326624
    },
    {
      "type": "gamedataProficiencyType",
      "name": "experienceType",
      "flags": 4297326624
    },
    {
      "type": "Bool",
      "name": "debug",
      "flags": 4297326624
    }
  ],
  "funcs": [
    {
      "fullName": "Set;GameObjectInt32gamedataProficiencyTypeBool",
      "shortName": "Set",
      "flags": 33284,
      "params": [
        {
          "type": "whandle:gameObject",
          "name": "_owner",
          "flags": 128
        },
        {
          "type": "Int32",
          "name": "expAmount",
          "flags": 128
        },
        {
          "type": "gamedataProficiencyType",
          "name": "type",
          "flags": 128
        },
        {
          "type": "Bool",
          "name": "isDebug",
          "flags": 128
        }
      ]
    }
  ]
}
