{
  "parent": "ModifyAttackEffector",
  "name": "AddHitFlagToAttackEffector",
  "flags": 4,
  "props": [
    {
      "type": "hitFlag",
      "name": "hitFlag",
      "flags": 4297326624
    }
  ],
  "funcs": [
    {
      "fullName": "ActionOn;GameObject",
      "shortName": "ActionOn",
      "flags": 33024,
      "params": [
        {
          "type": "handle:gameObject",
          "name": "owner",
          "flags": 128
        }
      ]
    },
    {
      "fullName": "Initialize;TweakDBIDGameInstanceTweakDBID",
      "shortName": "Initialize",
      "flags": 33024,
      "params": [
        {
          "type": "TweakDBID",
          "name": "record",
          "flags": 128
        },
        {
          "type": "ScriptGameInstance",
          "name": "game",
          "flags": 128
        },
        {
          "type": "TweakDBID",
          "name": "parentRecord",
          "flags": 128
        }
      ]
    },
    {
      "fullName": "ProcessEffector;",
      "shortName": "ProcessEffector",
      "flags": 32900
    },
    {
      "fullName": "RepeatedAction;GameObject",
      "shortName": "RepeatedAction",
      "flags": 33024,
      "params": [
        {
          "type": "handle:gameObject",
          "name": "owner",
          "flags": 128
        }
      ]
    },
    {
      "fullName": "Uninitialize;GameInstance",
      "shortName": "Uninitialize",
      "flags": 33024,
      "params": [
        {
          "type": "ScriptGameInstance",
          "name": "game",
          "flags": 128
        }
      ]
    }
  ]
}
