{
  "parent": "gameEffector",
  "name": "AddItemsEffector",
  "flags": 4,
  "props": [
    {
      "type": "array:whandle:gamedataInventoryItem_Record",
      "name": "items",
      "flags": 6583222304
    }
  ],
  "funcs": [
    {
      "fullName": "ActionOn;GameObject",
      "shortName": "ActionOn",
      "flags": 34048,
      "params": [
        {
          "type": "handle:gameObject",
          "name": "owner",
          "flags": 128
        }
      ]
    },
    {
      "fullName": "Initialize;TweakDBIDGameInstanceTweakDBID",
      "shortName": "Initialize",
      "flags": 34048,
      "params": [
        {
          "type": "TweakDBID",
          "name": "record",
          "flags": 128
        },
        {
          "type": "ScriptGameInstance",
          "name": "game",
          "flags": 128
        },
        {
          "type": "TweakDBID",
          "name": "parentRecord",
          "flags": 128
        }
      ]
    }
  ]
}
