{
  "parent": "ScriptableDeviceAction",
  "name": "AddItemForPlayerToPickUp",
  "flags": 4,
  "props": [
    {
      "type": "TweakDBID",
      "name": "lootTable",
      "flags": 4297326625
    },
    {
      "type": "Bool",
      "name": "shouldAdd",
      "flags": 4297326625
    }
  ],
  "funcs": [
    {
      "fullName": "GetFriendlyDescription;",
      "shortName": "GetFriendlyDescription",
      "return": {
        "type": "String",
        "flags": 64
      },
      "flags": 34308
    }
  ]
}
