{
  "parent": "gameScriptableSystemRequest",
  "name": "AddItemToVendorRequest",
  "flags": 4,
  "props": [
    {
      "type": "TweakDBID",
      "name": "vendorID",
      "flags": 4297326625
    },
    {
      "type": "TweakDBID",
      "name": "itemToAddID",
      "flags": 4297326625
    },
    {
      "type": "Int32",
      "name": "quantity",
      "flags": 4297326625
    }
  ],
  "funcs": [
    {
      "fullName": "GetFriendlyDescription;",
      "shortName": "GetFriendlyDescription",
      "return": {
        "type": "String",
        "flags": 64
      },
      "flags": 34308
    }
  ]
}
