{
  "parent": "ModifyAttackEffector",
  "name": "AddStatusEffectToAttackEffector",
  "flags": 4,
  "props": [
    {
      "type": "Bool",
      "name": "isRandom",
      "flags": 4297326624
    },
    {
      "type": "array:whandle:gamedataStatModifier_Record",
      "name": "applicationChanceMods",
      "flags": 6583222304
    },
    {
      "type": "SHitStatusEffect",
      "name": "statusEffect",
      "flags": 4297326624
    },
    {
      "type": "Float",
      "name": "stacks",
      "flags": 4297326624
    }
  ],
  "funcs": [
    {
      "fullName": "Initialize;TweakDBIDGameInstanceTweakDBID",
      "shortName": "Initialize",
      "flags": 34048,
      "params": [
        {
          "type": "TweakDBID",
          "name": "record",
          "flags": 128
        },
        {
          "type": "ScriptGameInstance",
          "name": "game",
          "flags": 128
        },
        {
          "type": "TweakDBID",
          "name": "parentRecord",
          "flags": 128
        }
      ]
    },
    {
      "fullName": "RepeatedAction;GameObject",
      "shortName": "RepeatedAction",
      "flags": 34048,
      "params": [
        {
          "type": "handle:gameObject",
          "name": "owner",
          "flags": 128
        }
      ]
    },
    {
      "fullName": "Uninitialize;GameInstance",
      "shortName": "Uninitialize",
      "flags": 34048,
      "params": [
        {
          "type": "ScriptGameInstance",
          "name": "game",
          "flags": 128
        }
      ]
    }
  ]
}
