{
  "parent": "redEvent",
  "name": "AddTargetToHighlightEvent",
  "flags": 4,
  "props": [
    {
      "type": "CombatTarget",
      "name": "target",
      "flags": 4297326624
    }
  ],
  "funcs": [
    {
      "fullName": "Create;ScriptedPuppet",
      "shortName": "Create",
      "flags": 33284,
      "params": [
        {
          "type": "handle:ScriptedPuppet",
          "name": "puppet",
          "flags": 128
        }
      ]
    },
    {
      "fullName": "Create;ScriptedPuppetFloat",
      "shortName": "Create",
      "flags": 33284,
      "params": [
        {
          "type": "handle:ScriptedPuppet",
          "name": "puppet",
          "flags": 128
        },
        {
          "type": "Float",
          "name": "highlightTime",
          "flags": 128
        }
      ]
    }
  ]
}
