{
  "parent": "AIbehaviortaskScript",
  "name": "AddWeapon",
  "flags": 4,
  "props": [
    {
      "type": "EquipmentPriority",
      "name": "weapon",
      "flags": 4297326625
    }
  ],
  "funcs": [
    {
      "fullName": "AddWeapon::Execute;ScriptedPuppetEquipmentPriority",
      "shortName": "Execute",
      "flags": 32902,
      "params": [
        {
          "type": "handle:ScriptedPuppet",
          "name": "puppet",
          "flags": 128
        },
        {
          "type": "EquipmentPriority",
          "name": "weapon",
          "flags": 128
        }
      ]
    },
    {
      "fullName": "AddWeapon::ExecuteForAllWeapons;ScriptedPuppet",
      "shortName": "ExecuteForAllWeapons",
      "flags": 34310,
      "params": [
        {
          "type": "handle:ScriptedPuppet",
          "name": "puppet",
          "flags": 128
        }
      ]
    },
    {
      "fullName": "Activate;ScriptExecutionContext",
      "shortName": "Activate",
      "flags": 34048,
      "params": [
        {
          "type": "AIbehaviorScriptExecutionContext",
          "name": "context",
          "flags": 128
        }
      ]
    }
  ]
}
