{
  "parent": "UpperBodyEventsTransition",
  "name": "AdHocAnimationDecisions",
  "flags": 4,
  "funcs": [
    {
      "fullName": "EnterCondition;StateContextStateGameScriptInterface",
      "shortName": "EnterCondition",
      "return": {
        "type": "Bool",
        "flags": 64
      },
      "flags": 42244,
      "params": [
        {
          "type": "handle:gamestateMachineStateContextScript",
          "name": "stateContext",
          "flags": 128
        },
        {
          "type": "handle:gamestateMachineGameScriptInterface",
          "name": "scriptInterface",
          "flags": 128
        }
      ]
    },
    {
      "fullName": "GetAnimationDuration;StateGameScriptInterface",
      "shortName": "GetAnimationDuration",
      "return": {
        "type": "Float",
        "flags": 64
      },
      "flags": 41092,
      "params": [
        {
          "type": "handle:gamestateMachineGameScriptInterface",
          "name": "scriptInterface",
          "flags": 128
        }
      ]
    },
    {
      "fullName": "ToEmptyHands;StateContextStateGameScriptInterface",
      "shortName": "ToEmptyHands",
      "return": {
        "type": "Bool",
        "flags": 64
      },
      "flags": 41216,
      "params": [
        {
          "type": "handle:gamestateMachineStateContextScript",
          "name": "stateContext",
          "flags": 128
        },
        {
          "type": "handle:gamestateMachineGameScriptInterface",
          "name": "scriptInterface",
          "flags": 128
        }
      ]
    },
    {
      "fullName": "ToSingleWield;StateContextStateGameScriptInterface",
      "shortName": "ToSingleWield",
      "return": {
        "type": "Bool",
        "flags": 64
      },
      "flags": 41216,
      "params": [
        {
          "type": "handle:gamestateMachineStateContextScript",
          "name": "stateContext",
          "flags": 128
        },
        {
          "type": "handle:gamestateMachineGameScriptInterface",
          "name": "scriptInterface",
          "flags": 128
        }
      ]
    }
  ]
}
