{
  "parent": "gamebbScriptDefinition",
  "name": "AdHocAnimationDef",
  "flags": 4,
  "props": [
    {
      "type": "gamebbScriptID_Bool",
      "name": "IsActive",
      "flags": 4297326624
    },
    {
      "type": "gamebbScriptID_Int32",
      "name": "AnimationIndex",
      "flags": 4297326624
    },
    {
      "type": "gamebbScriptID_Bool",
      "name": "UseBothHands",
      "flags": 4297326624
    },
    {
      "type": "gamebbScriptID_Bool",
      "name": "UnequipWeapon",
      "flags": 4297326624
    },
    {
      "type": "gamebbScriptID_Float",
      "name": "AnimationDuration",
      "flags": 4297326624
    }
  ],
  "funcs": [
    {
      "fullName": "AutoCreateInSystem;",
      "shortName": "AutoCreateInSystem",
      "return": {
        "type": "Bool",
        "flags": 64
      },
      "flags": 42500
    }
  ]
}
