{
  "parent": "TemporaryUnequipEvents",
  "name": "AdHocAnimationEvents",
  "flags": 4,
  "funcs": [
    {
      "fullName": "OnEnter;StateContextStateGameScriptInterface",
      "shortName": "OnEnter",
      "flags": 33024,
      "params": [
        {
          "type": "handle:gamestateMachineStateContextScript",
          "name": "stateContext",
          "flags": 128
        },
        {
          "type": "handle:gamestateMachineGameScriptInterface",
          "name": "scriptInterface",
          "flags": 128
        }
      ]
    },
    {
      "fullName": "OnExit;StateContextStateGameScriptInterface",
      "shortName": "OnExit",
      "flags": 33024,
      "params": [
        {
          "type": "handle:gamestateMachineStateContextScript",
          "name": "stateContext",
          "flags": 128
        },
        {
          "type": "handle:gamestateMachineGameScriptInterface",
          "name": "scriptInterface",
          "flags": 128
        }
      ]
    }
  ]
}
