{
  "parent": "AIbehaviortaskScript",
  "name": "AdjustAnimWrappersForEscalatingFearPhase",
  "flags": 4,
  "funcs": [
    {
      "fullName": "Activate;ScriptExecutionContext",
      "shortName": "Activate",
      "flags": 33024,
      "params": [
        {
          "type": "AIbehaviorScriptExecutionContext",
          "name": "context",
          "flags": 128
        }
      ]
    },
    {
      "fullName": "Deactivate;ScriptExecutionContext",
      "shortName": "Deactivate",
      "flags": 33024,
      "params": [
        {
          "type": "AIbehaviorScriptExecutionContext",
          "name": "context",
          "flags": 128
        }
      ]
    }
  ]
}
