{
  "parent": "IWorldWidgetComponent",
  "name": "AdvertisementWidgetComponent",
  "flags": 2,
  "props": [
    {
      "type": "AdvertisementFormat",
      "name": "format",
      "group": "User Interface",
      "flags": 6694125569
    },
    {
      "type": "TweakDBID",
      "name": "adGroupTDBID",
      "group": "User Interface",
      "flags": 6694125569
    },
    {
      "type": "Bool",
      "name": "enableOverride",
      "group": "User Interface",
      "flags": 6694125569
    },
    {
      "type": "TweakDBID",
      "name": "adOverrideTDBID",
      "group": "User Interface",
      "flags": 6694125569
    },
    {
      "type": "Uint32",
      "name": "adVersion",
      "group": "User Interface",
      "flags": 6694125569
    },
    {
      "type": "Bool",
      "name": "useOnlyAttachedLights",
      "group": "User Interface",
      "flags": 6694125569
    }
  ],
  "funcs": [
    {
      "fullName": "GetLocalizedDescription",
      "shortName": "GetLocalizedDescription",
      "index": 11478,
      "flags": 1
    }
  ]
}
