{
  "parent": "AGenericTooltipController",
  "name": "AGenericTooltipControllerWithDebug",
  "flags": 5,
  "props": [
    {
      "type": "Bool",
      "name": "DEBUG_showDebug",
      "flags": 4297195552
    },
    {
      "type": "Bool",
      "name": "DEBUG_openInVSCode",
      "flags": 4297195552
    },
    {
      "type": "Bool",
      "name": "DEBUG_openInVSCodeBlocked",
      "flags": 4297195552
    }
  ],
  "funcs": [
    {
      "fullName": "OnGlobalPress_DEBUG",
      "shortName": "OnGlobalPress_DEBUG",
      "return": {
        "type": "Bool",
        "flags": 64
      },
      "flags": 33032,
      "params": [
        {
          "type": "handle:inkPointerEvent",
          "name": "evt",
          "flags": 128
        }
      ]
    },
    {
      "fullName": "OnGlobalRelease_DEBUG",
      "shortName": "OnGlobalRelease_DEBUG",
      "return": {
        "type": "Bool",
        "flags": 64
      },
      "flags": 33032,
      "params": [
        {
          "type": "handle:inkPointerEvent",
          "name": "evt",
          "flags": 128
        }
      ]
    },
    {
      "fullName": "OnInitialize",
      "shortName": "OnInitialize",
      "return": {
        "type": "Bool",
        "flags": 64
      },
      "flags": 33032
    },
    {
      "fullName": "OnUninitialize",
      "shortName": "OnUninitialize",
      "return": {
        "type": "Bool",
        "flags": 64
      },
      "flags": 33032
    },
    {
      "fullName": "DEBUG_UpdateDebugInfo;",
      "shortName": "DEBUG_UpdateDebugInfo",
      "flags": 33024
    },
    {
      "fullName": "OpenTweakDBRecordInVSCodeIfRequested;TweakDBID",
      "shortName": "OpenTweakDBRecordInVSCodeIfRequested",
      "flags": 33028,
      "params": [
        {
          "type": "TweakDBID",
          "name": "tdbID",
          "flags": 128
        }
      ]
    }
  ]
}
