{
  "parent": "inkWidgetLogicController",
  "name": "AGenericTooltipController",
  "flags": 5,
  "props": [
    {
      "type": "whandle:inkCompoundWidget",
      "name": "Root",
      "flags": 4297195552
    }
  ],
  "funcs": [
    {
      "fullName": "OnInitialize",
      "shortName": "OnInitialize",
      "return": {
        "type": "Bool",
        "flags": 64
      },
      "flags": 33032
    },
    {
      "fullName": "Hide;",
      "shortName": "Hide",
      "flags": 33280
    },
    {
      "fullName": "PrespawnLazyModules;",
      "shortName": "PrespawnLazyModules",
      "flags": 33280
    },
    {
      "fullName": "Refresh;",
      "shortName": "Refresh",
      "flags": 33280
    },
    {
      "fullName": "SetData;ATooltipData",
      "shortName": "SetData",
      "flags": 33280,
      "params": [
        {
          "type": "handle:ATooltipData",
          "name": "tooltipData",
          "flags": 128
        }
      ]
    },
    {
      "fullName": "SetStyle;ResRef",
      "shortName": "SetStyle",
      "flags": 33280,
      "params": [
        {
          "type": "redResourceReferenceScriptToken",
          "name": "styleResPath",
          "flags": 128
        }
      ]
    },
    {
      "fullName": "Show;",
      "shortName": "Show",
      "flags": 33280
    }
  ]
}
