{
  "parent": "inkWidgetLogicController",
  "name": "AHintItemController",
  "flags": 5,
  "props": [
    {
      "type": "inkImageWidgetReference",
      "name": "Icon",
      "flags": 4297195553
    },
    {
      "type": "inkTextWidgetReference",
      "name": "UnavaliableText",
      "flags": 4297195553
    },
    {
      "type": "whandle:inkWidget",
      "name": "Root",
      "flags": 4297195552
    }
  ],
  "funcs": [
    {
      "fullName": "OnInitialize",
      "shortName": "OnInitialize",
      "return": {
        "type": "Bool",
        "flags": 64
      },
      "flags": 33032
    },
    {
      "fullName": "Animate;Bool",
      "shortName": "Animate",
      "flags": 33280,
      "params": [
        {
          "type": "Bool",
          "name": "isEnabled",
          "flags": 128
        }
      ]
    },
    {
      "fullName": "CacheAnimations;",
      "shortName": "CacheAnimations",
      "flags": 33024
    },
    {
      "fullName": "OnAnimFinished;inkAnimProxy",
      "shortName": "OnAnimFinished",
      "flags": 33024,
      "params": [
        {
          "type": "handle:inkanimProxy",
          "name": "anim",
          "flags": 128
        }
      ]
    },
    {
      "fullName": "SetIcon;CNameCName",
      "shortName": "SetIcon",
      "flags": 33284,
      "params": [
        {
          "type": "CName",
          "name": "atlasPath",
          "flags": 128
        },
        {
          "type": "CName",
          "name": "iconName",
          "flags": 128
        }
      ]
    }
  ]
}
