{
  "parent": "IScriptable",
  "name": "AIActionHelper",
  "flags": 4,
  "funcs": [
    {
      "fullName": "AIActionHelper::ActionDebugHelper;Entityscript_ref<String>",
      "shortName": "ActionDebugHelper",
      "return": {
        "type": "Bool",
        "flags": 64
      },
      "flags": 33286,
      "params": [
        {
          "type": "whandle:entEntity",
          "name": "entity",
          "flags": 128
        },
        {
          "type": "script_ref:String",
          "name": "actionName",
          "flags": 128
        }
      ]
    },
    {
      "fullName": "AIActionHelper::ActionDebugHelper;script_ref<String>script_ref<String>",
      "shortName": "ActionDebugHelper",
      "return": {
        "type": "Bool",
        "flags": 64
      },
      "flags": 33286,
      "params": [
        {
          "type": "script_ref:String",
          "name": "actionNameCheck",
          "flags": 128
        },
        {
          "type": "script_ref:String",
          "name": "actionName",
          "flags": 128
        }
      ]
    },
    {
      "fullName": "AIActionHelper::ActionDebugHelper;script_ref<String>Entityscript_ref<String>",
      "shortName": "ActionDebugHelper",
      "return": {
        "type": "Bool",
        "flags": 64
      },
      "flags": 33286,
      "params": [
        {
          "type": "script_ref:String",
          "name": "actionNameCheck",
          "flags": 128
        },
        {
          "type": "whandle:entEntity",
          "name": "entity",
          "flags": 128
        },
        {
          "type": "script_ref:String",
          "name": "actionName",
          "flags": 128
        }
      ]
    },
    {
      "fullName": "AIActionHelper::AnimationsLoadedSignal;ScriptedPuppet",
      "shortName": "AnimationsLoadedSignal",
      "flags": 33286,
      "params": [
        {
          "type": "whandle:ScriptedPuppet",
          "name": "ownerPuppet",
          "flags": 128
        }
      ]
    },
    {
      "fullName": "AIActionHelper::BreakWeaponEffectLoop;WeaponObjectCName",
      "shortName": "BreakWeaponEffectLoop",
      "flags": 33286,
      "params": [
        {
          "type": "handle:gameweaponObject",
          "name": "weapon",
          "flags": 128
        },
        {
          "type": "CName",
          "name": "effectName",
          "flags": 128
        }
      ]
    },
    {
      "fullName": "AIActionHelper::ChangeAttitudeToFriendlyAllSquad;GameObjectscript_ref<array<EntityID>>",
      "shortName": "ChangeAttitudeToFriendlyAllSquad",
      "flags": 33286,
      "params": [
        {
          "type": "whandle:gameObject",
          "name": "owner",
          "flags": 128
        },
        {
          "type": "script_ref:array:entEntityID",
          "name": "squadMembers",
          "flags": 128
        }
      ]
    },
    {
      "fullName": "AIActionHelper::CheckAbility;GameObjectGameplayAbility_Record",
      "shortName": "CheckAbility",
      "return": {
        "type": "Bool",
        "flags": 64
      },
      "flags": 33286,
      "params": [
        {
          "type": "whandle:gameObject",
          "name": "object",
          "flags": 128
        },
        {
          "type": "whandle:gamedataGameplayAbility_Record",
          "name": "ability",
          "flags": 128
        }
      ]
    },
    {
      "fullName": "AIActionHelper::CheckFlatheadStatPoolRequirements;GameInstancescript_ref<String>",
      "shortName": "CheckFlatheadStatPoolRequirements",
      "return": {
        "type": "Bool",
        "flags": 64
      },
      "flags": 33286,
      "params": [
        {
          "type": "ScriptGameInstance",
          "name": "game",
          "flags": 128
        },
        {
          "type": "script_ref:String",
          "name": "actionName",
          "flags": 128
        }
      ]
    },
    {
      "fullName": "AIActionHelper::ClearCommandCombatTarget;ScriptExecutionContextUint32Bool",
      "shortName": "ClearCommandCombatTarget",
      "flags": 33286,
      "params": [
        {
          "type": "AIbehaviorScriptExecutionContext",
          "name": "context",
          "flags": 128
        },
        {
          "type": "Uint32",
          "name": "persistenceSource",
          "flags": 128
        },
        {
          "type": "Bool",
          "name": "ignoreCombatTargetCommand",
          "flags": 1152
        }
      ]
    },
    {
      "fullName": "AIActionHelper::ClearItemsForceUnequipped;ScriptedPuppet",
      "shortName": "ClearItemsForceUnequipped",
      "flags": 33286,
      "params": [
        {
          "type": "whandle:ScriptedPuppet",
          "name": "puppet",
          "flags": 128
        }
      ]
    },
    {
      "fullName": "AIActionHelper::ClearItemsToEquip;ScriptedPuppet",
      "shortName": "ClearItemsToEquip",
      "flags": 33286,
      "params": [
        {
          "type": "whandle:ScriptedPuppet",
          "name": "puppet",
          "flags": 128
        }
      ]
    },
    {
      "fullName": "AIActionHelper::ClearItemsToUnequip;ScriptedPuppet",
      "shortName": "ClearItemsToUnequip",
      "flags": 33286,
      "params": [
        {
          "type": "whandle:ScriptedPuppet",
          "name": "puppet",
          "flags": 128
        }
      ]
    },
    {
      "fullName": "AIActionHelper::ClearItemsUnequipped;ScriptedPuppet",
      "shortName": "ClearItemsUnequipped",
      "flags": 33286,
      "params": [
        {
          "type": "whandle:ScriptedPuppet",
          "name": "puppet",
          "flags": 128
        }
      ]
    },
    {
      "fullName": "AIActionHelper::ClearWorkspotCommand;ScriptedPuppetBool",
      "shortName": "ClearWorkspotCommand",
      "return": {
        "type": "Bool",
        "flags": 64
      },
      "flags": 33286,
      "params": [
        {
          "type": "whandle:ScriptedPuppet",
          "name": "puppet",
          "flags": 128
        },
        {
          "type": "Bool",
          "name": "doNotRepeat",
          "flags": 1152
        }
      ]
    },
    {
      "fullName": "AIActionHelper::CombatQueriesInit;ScriptedPuppet",
      "shortName": "CombatQueriesInit",
      "flags": 33286,
      "params": [
        {
          "type": "whandle:ScriptedPuppet",
          "name": "ownerPuppet",
          "flags": 128
        }
      ]
    },
    {
      "fullName": "AIActionHelper::GetActionBlackboard;ScriptedPuppet",
      "shortName": "GetActionBlackboard",
      "return": {
        "type": "handle:gameIBlackboard",
        "flags": 64
      },
      "flags": 33286,
      "params": [
        {
          "type": "handle:ScriptedPuppet",
          "name": "owner",
          "flags": 128
        }
      ]
    },
    {
      "fullName": "AIActionHelper::GetActiveTopHostilePuppetThreat;ScriptedPuppetscript_ref<TrackedLocation>",
      "shortName": "GetActiveTopHostilePuppetThreat",
      "return": {
        "type": "Bool",
        "flags": 64
      },
      "flags": 33286,
      "params": [
        {
          "type": "handle:ScriptedPuppet",
          "name": "puppet",
          "flags": 128
        },
        {
          "type": "script_ref:AITrackedLocation",
          "name": "threat",
          "flags": 128
        }
      ]
    },
    {
      "fullName": "AIActionHelper::GetAdditionalTraceTypeValueFromTweakEnum;gamedataAIAdditionalTraceType",
      "shortName": "GetAdditionalTraceTypeValueFromTweakEnum",
      "return": {
        "type": "senseAdditionalTraceType",
        "flags": 64
      },
      "flags": 33286,
      "params": [
        {
          "type": "gamedataAIAdditionalTraceType",
          "name": "value",
          "flags": 128
        }
      ]
    },
    {
      "fullName": "AIActionHelper::GetAnimWrapperNameBasedOnItemID;ItemID",
      "shortName": "GetAnimWrapperNameBasedOnItemID",
      "return": {
        "type": "CName",
        "flags": 64
      },
      "flags": 33286,
      "params": [
        {
          "type": "gameItemID",
          "name": "itemID",
          "flags": 128
        }
      ]
    },
    {
      "fullName": "AIActionHelper::GetAnimWrapperNameBasedOnItemTag;ItemID",
      "shortName": "GetAnimWrapperNameBasedOnItemTag",
      "return": {
        "type": "CName",
        "flags": 64
      },
      "flags": 33286,
      "params": [
        {
          "type": "gameItemID",
          "name": "itemID",
          "flags": 128
        }
      ]
    },
    {
      "fullName": "AIActionHelper::GetBaseShootingPatternPackages;script_ref<array<AIPatternsPackage_Record>>",
      "shortName": "GetBaseShootingPatternPackages",
      "return": {
        "type": "Bool",
        "flags": 64
      },
      "flags": 33286,
      "params": [
        {
          "type": "script_ref:array:whandle:gamedataAIPatternsPackage_Record",
          "name": "patternPackages",
          "flags": 128
        }
      ]
    },
    {
      "fullName": "AIActionHelper::GetCallingAlliesToCombatDelay;Bool",
      "shortName": "GetCallingAlliesToCombatDelay",
      "return": {
        "type": "Float",
        "flags": 64
      },
      "flags": 32902,
      "params": [
        {
          "type": "Bool",
          "name": "postCombatStart",
          "flags": 128
        }
      ]
    },
    {
      "fullName": "AIActionHelper::GetCurrentStrongArmsTrailEffect;ItemObject",
      "shortName": "GetCurrentStrongArmsTrailEffect",
      "return": {
        "type": "CName",
        "flags": 64
      },
      "flags": 33286,
      "params": [
        {
          "type": "handle:gameItemObject",
          "name": "weapon",
          "flags": 128
        }
      ]
    },
    {
      "fullName": "AIActionHelper::GetDistanceAndToleranceFromRingType;MovementPolicy_RecordFloatFloat",
      "shortName": "GetDistanceAndToleranceFromRingType",
      "return": {
        "type": "Bool",
        "flags": 64
      },
      "flags": 33286,
      "params": [
        {
          "type": "whandle:gamedataMovementPolicy_Record",
          "name": "record",
          "flags": 128
        },
        {
          "type": "Float",
          "name": "distance",
          "flags": 640
        },
        {
          "type": "Float",
          "name": "tolerance",
          "flags": 640
        }
      ]
    },
    {
      "fullName": "AIActionHelper::GetDistanceRangeFromRingType;AIRingType_RecordMovementPolicy_RecordVector2",
      "shortName": "GetDistanceRangeFromRingType",
      "return": {
        "type": "Bool",
        "flags": 64
      },
      "flags": 33286,
      "params": [
        {
          "type": "whandle:gamedataAIRingType_Record",
          "name": "ringRecord",
          "flags": 128
        },
        {
          "type": "whandle:gamedataMovementPolicy_Record",
          "name": "condition",
          "flags": 128
        },
        {
          "type": "Vector2",
          "name": "distanceRange",
          "flags": 640
        }
      ]
    },
    {
      "fullName": "AIActionHelper::GetDistanceRangeFromRingType;AIRingType_RecordAIOptimalDistanceCond_RecordVector2",
      "shortName": "GetDistanceRangeFromRingType",
      "return": {
        "type": "Bool",
        "flags": 64
      },
      "flags": 33286,
      "params": [
        {
          "type": "whandle:gamedataAIRingType_Record",
          "name": "ringRecord",
          "flags": 128
        },
        {
          "type": "whandle:gamedataAIOptimalDistanceCond_Record",
          "name": "condition",
          "flags": 128
        },
        {
          "type": "Vector2",
          "name": "distanceRange",
          "flags": 640
        }
      ]
    },
    {
      "fullName": "AIActionHelper::GetDistanceRangeFromRingType;AIRingType_RecordVector2",
      "shortName": "GetDistanceRangeFromRingType",
      "return": {
        "type": "Bool",
        "flags": 64
      },
      "flags": 33286,
      "params": [
        {
          "type": "whandle:gamedataAIRingType_Record",
          "name": "ringRecord",
          "flags": 128
        },
        {
          "type": "Vector2",
          "name": "distanceRange",
          "flags": 640
        }
      ]
    },
    {
      "fullName": "AIActionHelper::GetItemsFromWeaponSlots;GameObjectscript_ref<array<ItemObject>>",
      "shortName": "GetItemsFromWeaponSlots",
      "return": {
        "type": "Bool",
        "flags": 64
      },
      "flags": 33286,
      "params": [
        {
          "type": "whandle:gameObject",
          "name": "owner",
          "flags": 128
        },
        {
          "type": "script_ref:array:whandle:gameItemObject",
          "name": "items",
          "flags": 128
        }
      ]
    },
    {
      "fullName": "AIActionHelper::GetLastRequestedTriggerMode;WeaponObject",
      "shortName": "GetLastRequestedTriggerMode",
      "return": {
        "type": "gamedataTriggerMode",
        "flags": 64
      },
      "flags": 33286,
      "params": [
        {
          "type": "whandle:gameweaponObject",
          "name": "weapon",
          "flags": 128
        }
      ]
    },
    {
      "fullName": "AIActionHelper::GetLatestActiveRingTypeRecord;ScriptedPuppet",
      "shortName": "GetLatestActiveRingTypeRecord",
      "return": {
        "type": "handle:gamedataAIRingType_Record",
        "flags": 64
      },
      "flags": 33286,
      "params": [
        {
          "type": "whandle:ScriptedPuppet",
          "name": "puppet",
          "flags": 128
        }
      ]
    },
    {
      "fullName": "AIActionHelper::GetLatestActiveRingTypeRecordHelper;GameObject",
      "shortName": "GetLatestActiveRingTypeRecordHelper",
      "return": {
        "type": "handle:gamedataAIRingType_Record",
        "flags": 64
      },
      "flags": 34310,
      "params": [
        {
          "type": "handle:gameObject",
          "name": "object",
          "flags": 128
        }
      ]
    },
    {
      "fullName": "AIActionHelper::GetReactionPresetGroup;ScriptedPuppet",
      "shortName": "GetReactionPresetGroup",
      "return": {
        "type": "String",
        "flags": 64
      },
      "flags": 33286,
      "params": [
        {
          "type": "whandle:ScriptedPuppet",
          "name": "puppet",
          "flags": 128
        }
      ]
    },
    {
      "fullName": "AIActionHelper::GetShootingBlackboard;ScriptedPuppet",
      "shortName": "GetShootingBlackboard",
      "return": {
        "type": "handle:gameIBlackboard",
        "flags": 64
      },
      "flags": 33286,
      "params": [
        {
          "type": "handle:ScriptedPuppet",
          "name": "owner",
          "flags": 128
        }
      ]
    },
    {
      "fullName": "AIActionHelper::GetTargetPositionFromPast;GameObjectFloatVector4",
      "shortName": "GetTargetPositionFromPast",
      "return": {
        "type": "Bool",
        "flags": 64
      },
      "flags": 33286,
      "params": [
        {
          "type": "whandle:gameObject",
          "name": "target",
          "flags": 128
        },
        {
          "type": "Float",
          "name": "delay",
          "flags": 128
        },
        {
          "type": "Vector4",
          "name": "position",
          "flags": 640
        }
      ]
    },
    {
      "fullName": "AIActionHelper::GetTargetSlotPosition;GameObjectCNameVector4",
      "shortName": "GetTargetSlotPosition",
      "return": {
        "type": "Bool",
        "flags": 64
      },
      "flags": 33286,
      "params": [
        {
          "type": "whandle:gameObject",
          "name": "target",
          "flags": 128
        },
        {
          "type": "CName",
          "name": "slotName",
          "flags": 128
        },
        {
          "type": "Vector4",
          "name": "slotPosition",
          "flags": 640
        }
      ]
    },
    {
      "fullName": "AIActionHelper::GetTargetSlotTransform;GameObjectCNameWorldTransform",
      "shortName": "GetTargetSlotTransform",
      "return": {
        "type": "Bool",
        "flags": 64
      },
      "flags": 33286,
      "params": [
        {
          "type": "whandle:gameObject",
          "name": "target",
          "flags": 128
        },
        {
          "type": "CName",
          "name": "slotName",
          "flags": 128
        },
        {
          "type": "WorldTransform",
          "name": "slotTransform",
          "flags": 640
        }
      ]
    },
    {
      "fullName": "AIActionHelper::HasCombatAICommand;ScriptedPuppet",
      "shortName": "HasCombatAICommand",
      "return": {
        "type": "Bool",
        "flags": 64
      },
      "flags": 33286,
      "params": [
        {
          "type": "whandle:ScriptedPuppet",
          "name": "owner",
          "flags": 128
        }
      ]
    },
    {
      "fullName": "AIActionHelper::HasEquippedWeaponWithTag;GameObjectCName",
      "shortName": "HasEquippedWeaponWithTag",
      "return": {
        "type": "Bool",
        "flags": 64
      },
      "flags": 33286,
      "params": [
        {
          "type": "whandle:gameObject",
          "name": "owner",
          "flags": 128
        },
        {
          "type": "CName",
          "name": "tag",
          "flags": 128
        }
      ]
    },
    {
      "fullName": "AIActionHelper::HasFollowerCombatAICommand;ScriptedPuppet",
      "shortName": "HasFollowerCombatAICommand",
      "return": {
        "type": "Bool",
        "flags": 64
      },
      "flags": 33286,
      "params": [
        {
          "type": "whandle:ScriptedPuppet",
          "name": "owner",
          "flags": 128
        }
      ]
    },
    {
      "fullName": "AIActionHelper::HasLostTarget;ScriptedPuppetGameObject",
      "shortName": "HasLostTarget",
      "return": {
        "type": "Bool",
        "flags": 64
      },
      "flags": 33286,
      "params": [
        {
          "type": "handle:ScriptedPuppet",
          "name": "owner",
          "flags": 128
        },
        {
          "type": "handle:gameObject",
          "name": "target",
          "flags": 128
        }
      ]
    },
    {
      "fullName": "AIActionHelper::HasWorkspotAICommand;ScriptedPuppet",
      "shortName": "HasWorkspotAICommand",
      "return": {
        "type": "Bool",
        "flags": 64
      },
      "flags": 33286,
      "params": [
        {
          "type": "whandle:ScriptedPuppet",
          "name": "owner",
          "flags": 128
        }
      ]
    },
    {
      "fullName": "AIActionHelper::IsCommandCombatTargetValid;ScriptExecutionContextCName",
      "shortName": "IsCommandCombatTargetValid",
      "return": {
        "type": "Bool",
        "flags": 64
      },
      "flags": 33286,
      "params": [
        {
          "type": "AIbehaviorScriptExecutionContext",
          "name": "context",
          "flags": 128
        },
        {
          "type": "CName",
          "name": "commandName",
          "flags": 128
        }
      ]
    },
    {
      "fullName": "AIActionHelper::IsCooldownActive;GameObjectAIActionCooldown_Record",
      "shortName": "IsCooldownActive",
      "return": {
        "type": "Bool",
        "flags": 64
      },
      "flags": 33286,
      "params": [
        {
          "type": "handle:gameObject",
          "name": "self",
          "flags": 128
        },
        {
          "type": "whandle:gamedataAIActionCooldown_Record",
          "name": "record",
          "flags": 128
        }
      ]
    },
    {
      "fullName": "AIActionHelper::IsCurrentlyCrouching;ScriptedPuppet",
      "shortName": "IsCurrentlyCrouching",
      "return": {
        "type": "Bool",
        "flags": 64
      },
      "flags": 33286,
      "params": [
        {
          "type": "handle:ScriptedPuppet",
          "name": "puppet",
          "flags": 128
        }
      ]
    },
    {
      "fullName": "AIActionHelper::IsCurrentlyExposedInCover;ScriptedPuppet",
      "shortName": "IsCurrentlyExposedInCover",
      "return": {
        "type": "Bool",
        "flags": 64
      },
      "flags": 33286,
      "params": [
        {
          "type": "handle:ScriptedPuppet",
          "name": "puppet",
          "flags": 128
        }
      ]
    },
    {
      "fullName": "AIActionHelper::IsCurrentlyInCoverAttackAction;ScriptedPuppet",
      "shortName": "IsCurrentlyInCoverAttackAction",
      "return": {
        "type": "Bool",
        "flags": 64
      },
      "flags": 33286,
      "params": [
        {
          "type": "handle:ScriptedPuppet",
          "name": "puppet",
          "flags": 128
        }
      ]
    },
    {
      "fullName": "AIActionHelper::IsInWorkspot;GameObject",
      "shortName": "IsInWorkspot",
      "return": {
        "type": "Bool",
        "flags": 64
      },
      "flags": 33286,
      "params": [
        {
          "type": "whandle:gameObject",
          "name": "owner",
          "flags": 128
        }
      ]
    },
    {
      "fullName": "AIActionHelper::IsMoveCommand;CName",
      "shortName": "IsMoveCommand",
      "return": {
        "type": "Bool",
        "flags": 64
      },
      "flags": 33286,
      "params": [
        {
          "type": "CName",
          "name": "commandName",
          "flags": 128
        }
      ]
    },
    {
      "fullName": "AIActionHelper::IsPointInRMA;ScriptedPuppetVector4",
      "shortName": "IsPointInRMA",
      "return": {
        "type": "Bool",
        "flags": 64
      },
      "flags": 33286,
      "params": [
        {
          "type": "whandle:ScriptedPuppet",
          "name": "ownerPuppet",
          "flags": 128
        },
        {
          "type": "Vector4",
          "name": "point",
          "flags": 128
        }
      ]
    },
    {
      "fullName": "AIActionHelper::IsPointInRestrictedMovementArea;ScriptedPuppetVector4",
      "shortName": "IsPointInRestrictedMovementArea",
      "return": {
        "type": "Bool",
        "flags": 64
      },
      "flags": 33286,
      "params": [
        {
          "type": "whandle:ScriptedPuppet",
          "name": "ownerPuppet",
          "flags": 128
        },
        {
          "type": "Vector4",
          "name": "point",
          "flags": 128
        }
      ]
    },
    {
      "fullName": "AIActionHelper::KillWeaponEffect;WeaponObjectCName",
      "shortName": "KillWeaponEffect",
      "flags": 33286,
      "params": [
        {
          "type": "handle:gameweaponObject",
          "name": "weapon",
          "flags": 128
        },
        {
          "type": "CName",
          "name": "effectName",
          "flags": 128
        }
      ]
    },
    {
      "fullName": "AIActionHelper::PlayWeaponEffect;WeaponObjectCName",
      "shortName": "PlayWeaponEffect",
      "flags": 33286,
      "params": [
        {
          "type": "handle:gameweaponObject",
          "name": "weapon",
          "flags": 128
        },
        {
          "type": "CName",
          "name": "effectName",
          "flags": 128
        }
      ]
    },
    {
      "fullName": "AIActionHelper::PreloadAllBaseAnimations;ScriptedPuppet",
      "shortName": "PreloadAllBaseAnimations",
      "flags": 33286,
      "params": [
        {
          "type": "whandle:ScriptedPuppet",
          "name": "puppet",
          "flags": 128
        }
      ]
    },
    {
      "fullName": "AIActionHelper::PreloadAnimations;ScriptedPuppetCNameBool",
      "shortName": "PreloadAnimations",
      "return": {
        "type": "Bool",
        "flags": 64
      },
      "flags": 33286,
      "params": [
        {
          "type": "whandle:ScriptedPuppet",
          "name": "puppet",
          "flags": 128
        },
        {
          "type": "CName",
          "name": "streamingContextName",
          "flags": 128
        },
        {
          "type": "Bool",
          "name": "highPriority",
          "flags": 128
        }
      ]
    },
    {
      "fullName": "AIActionHelper::PreloadBaseAnimations;ScriptedPuppetBool",
      "shortName": "PreloadBaseAnimations",
      "return": {
        "type": "Bool",
        "flags": 64
      },
      "flags": 33286,
      "params": [
        {
          "type": "whandle:ScriptedPuppet",
          "name": "puppet",
          "flags": 128
        },
        {
          "type": "Bool",
          "name": "melee",
          "flags": 1152
        }
      ]
    },
    {
      "fullName": "AIActionHelper::PreloadCoreAnimations;ScriptedPuppetBool",
      "shortName": "PreloadCoreAnimations",
      "return": {
        "type": "Bool",
        "flags": 64
      },
      "flags": 33286,
      "params": [
        {
          "type": "whandle:ScriptedPuppet",
          "name": "puppet",
          "flags": 128
        },
        {
          "type": "Bool",
          "name": "melee",
          "flags": 1152
        }
      ]
    },
    {
      "fullName": "AIActionHelper::QueueNearbyCombatNotification;GameObject",
      "shortName": "QueueNearbyCombatNotification",
      "return": {
        "type": "gameDelayID",
        "flags": 64
      },
      "flags": 33286,
      "params": [
        {
          "type": "whandle:gameObject",
          "name": "owner",
          "flags": 128
        }
      ]
    },
    {
      "fullName": "AIActionHelper::QueuePreloadBaseAnimationsEvent;ScriptedPuppet",
      "shortName": "QueuePreloadBaseAnimationsEvent",
      "flags": 33286,
      "params": [
        {
          "type": "whandle:ScriptedPuppet",
          "name": "puppet",
          "flags": 128
        }
      ]
    },
    {
      "fullName": "AIActionHelper::QueuePreloadCoreAnimationsEvent;ScriptedPuppet",
      "shortName": "QueuePreloadCoreAnimationsEvent",
      "flags": 33286,
      "params": [
        {
          "type": "whandle:ScriptedPuppet",
          "name": "puppet",
          "flags": 128
        }
      ]
    },
    {
      "fullName": "AIActionHelper::QueuePullSquadSync;GameObjectBool",
      "shortName": "QueuePullSquadSync",
      "return": {
        "type": "gameDelayID",
        "flags": 64
      },
      "flags": 33286,
      "params": [
        {
          "type": "whandle:gameObject",
          "name": "owner",
          "flags": 128
        },
        {
          "type": "Bool",
          "name": "postCombatStart",
          "flags": 1152
        }
      ]
    },
    {
      "fullName": "AIActionHelper::QueueSecuritySystemCombatNotification;GameObjectBool",
      "shortName": "QueueSecuritySystemCombatNotification",
      "flags": 33286,
      "params": [
        {
          "type": "whandle:gameObject",
          "name": "owner",
          "flags": 128
        },
        {
          "type": "Bool",
          "name": "postCombatStart",
          "flags": 1152
        }
      ]
    },
    {
      "fullName": "AIActionHelper::SendItemHandling;GameObjectItem_RecordCNameBool",
      "shortName": "SendItemHandling",
      "flags": 33286,
      "params": [
        {
          "type": "whandle:gameObject",
          "name": "owner",
          "flags": 128
        },
        {
          "type": "whandle:gamedataItem_Record",
          "name": "itemRecord",
          "flags": 128
        },
        {
          "type": "CName",
          "name": "animFeatureName",
          "flags": 128
        },
        {
          "type": "Bool",
          "name": "equipped",
          "flags": 128
        }
      ]
    },
    {
      "fullName": "AIActionHelper::SetActionExclusivity;GameObjectBool",
      "shortName": "SetActionExclusivity",
      "flags": 33286,
      "params": [
        {
          "type": "handle:gameObject",
          "name": "owner",
          "flags": 128
        },
        {
          "type": "Bool",
          "name": "active",
          "flags": 128
        }
      ]
    },
    {
      "fullName": "AIActionHelper::SetCommandCombatTarget;ScriptExecutionContextGameObjectBoolUint32",
      "shortName": "SetCommandCombatTarget",
      "return": {
        "type": "Bool",
        "flags": 64
      },
      "flags": 33286,
      "params": [
        {
          "type": "AIbehaviorScriptExecutionContext",
          "name": "context",
          "flags": 128
        },
        {
          "type": "whandle:gameObject",
          "name": "target",
          "flags": 128
        },
        {
          "type": "Bool",
          "name": "isPersistant",
          "flags": 128
        },
        {
          "type": "Uint32",
          "name": "persistenceSource",
          "flags": 128
        }
      ]
    },
    {
      "fullName": "AIActionHelper::SetFriendlyTargetAllSquadMembers;GameObject",
      "shortName": "SetFriendlyTargetAllSquadMembers",
      "flags": 33286,
      "params": [
        {
          "type": "whandle:gameObject",
          "name": "owner",
          "flags": 128
        }
      ]
    },
    {
      "fullName": "AIActionHelper::SetItemsEquipData;ScriptedPuppetarray<NPCItemToEquip>",
      "shortName": "SetItemsEquipData",
      "flags": 33286,
      "params": [
        {
          "type": "whandle:ScriptedPuppet",
          "name": "puppet",
          "flags": 128
        },
        {
          "type": "array:NPCItemToEquip",
          "name": "itemsToEquip",
          "flags": 128
        }
      ]
    },
    {
      "fullName": "AIActionHelper::SetItemsUnequipData;ScriptedPuppetarray<NPCItemToEquip>Bool",
      "shortName": "SetItemsUnequipData",
      "flags": 33286,
      "params": [
        {
          "type": "whandle:ScriptedPuppet",
          "name": "puppet",
          "flags": 128
        },
        {
          "type": "array:NPCItemToEquip",
          "name": "itemsToUnequip",
          "flags": 128
        },
        {
          "type": "Bool",
          "name": "dropItem",
          "flags": 128
        }
      ]
    },
    {
      "fullName": "AIActionHelper::ShouldShootDirectlyAtTarget;GameObjectWeaponObjectVector4",
      "shortName": "ShouldShootDirectlyAtTarget",
      "return": {
        "type": "Bool",
        "flags": 64
      },
      "flags": 33286,
      "params": [
        {
          "type": "whandle:gameObject",
          "name": "weaponOwner",
          "flags": 128
        },
        {
          "type": "whandle:gameweaponObject",
          "name": "weapon",
          "flags": 128
        },
        {
          "type": "Vector4",
          "name": "targetPosition",
          "flags": 128
        }
      ]
    },
    {
      "fullName": "AIActionHelper::StartCooldown;GameObjectCNameFloat",
      "shortName": "StartCooldown",
      "return": {
        "type": "Int32",
        "flags": 64
      },
      "flags": 33286,
      "params": [
        {
          "type": "handle:gameObject",
          "name": "self",
          "flags": 128
        },
        {
          "type": "CName",
          "name": "cooldownName",
          "flags": 128
        },
        {
          "type": "Float",
          "name": "duration",
          "flags": 128
        }
      ]
    },
    {
      "fullName": "AIActionHelper::StartCooldown;GameObjectAIActionCooldown_Record",
      "shortName": "StartCooldown",
      "return": {
        "type": "Int32",
        "flags": 64
      },
      "flags": 33286,
      "params": [
        {
          "type": "handle:gameObject",
          "name": "self",
          "flags": 128
        },
        {
          "type": "whandle:gamedataAIActionCooldown_Record",
          "name": "record",
          "flags": 128
        }
      ]
    },
    {
      "fullName": "AIActionHelper::TargetAllSquadMembers;GameObject",
      "shortName": "TargetAllSquadMembers",
      "flags": 33286,
      "params": [
        {
          "type": "whandle:gameObject",
          "name": "owner",
          "flags": 128
        }
      ]
    },
    {
      "fullName": "AIActionHelper::TryChangingAttitudeToHostile;ScriptedPuppetGameObject",
      "shortName": "TryChangingAttitudeToHostile",
      "return": {
        "type": "Bool",
        "flags": 64
      },
      "flags": 33286,
      "params": [
        {
          "type": "handle:ScriptedPuppet",
          "name": "owner",
          "flags": 128
        },
        {
          "type": "handle:gameObject",
          "name": "target",
          "flags": 128
        }
      ]
    },
    {
      "fullName": "AIActionHelper::TryStartCombatWithTarget;ScriptedPuppetGameObject",
      "shortName": "TryStartCombatWithTarget",
      "return": {
        "type": "Bool",
        "flags": 64
      },
      "flags": 33286,
      "params": [
        {
          "type": "handle:ScriptedPuppet",
          "name": "owner",
          "flags": 128
        },
        {
          "type": "handle:gameObject",
          "name": "target",
          "flags": 128
        }
      ]
    },
    {
      "fullName": "AIActionHelper::UpdateLinkedStatusEffects;GameObjectscript_ref<LinkedStatusEffect>",
      "shortName": "UpdateLinkedStatusEffects",
      "flags": 33286,
      "params": [
        {
          "type": "whandle:gameObject",
          "name": "owner",
          "flags": 128
        },
        {
          "type": "script_ref:LinkedStatusEffect",
          "name": "linkedStatusEffect",
          "flags": 128
        }
      ]
    },
    {
      "fullName": "AIActionHelper::WeaponHasTriggerMode;WeaponObjectgamedataTriggerMode",
      "shortName": "WeaponHasTriggerMode",
      "return": {
        "type": "Bool",
        "flags": 64
      },
      "flags": 33286,
      "params": [
        {
          "type": "whandle:gameweaponObject",
          "name": "weapon",
          "flags": 128
        },
        {
          "type": "gamedataTriggerMode",
          "name": "triggerMode",
          "flags": 128
        }
      ]
    },
    {
      "fullName": "AIActionHelper::WeaponHasTriggerMode;WeaponObjectWeaponItem_RecordgamedataTriggerMode",
      "shortName": "WeaponHasTriggerMode",
      "return": {
        "type": "Bool",
        "flags": 64
      },
      "flags": 33286,
      "params": [
        {
          "type": "whandle:gameweaponObject",
          "name": "weapon",
          "flags": 128
        },
        {
          "type": "whandle:gamedataWeaponItem_Record",
          "name": "weaponRecord",
          "flags": 128
        },
        {
          "type": "gamedataTriggerMode",
          "name": "triggerMode",
          "flags": 128
        }
      ]
    },
    {
      "fullName": "AIActionHelper::WeaponHasTriggerMode;WeaponObjectWeaponItem_RecordTriggerMode_Record",
      "shortName": "WeaponHasTriggerMode",
      "return": {
        "type": "Bool",
        "flags": 64
      },
      "flags": 33286,
      "params": [
        {
          "type": "whandle:gameweaponObject",
          "name": "weapon",
          "flags": 128
        },
        {
          "type": "whandle:gamedataWeaponItem_Record",
          "name": "weaponRecord",
          "flags": 128
        },
        {
          "type": "whandle:gamedataTriggerMode_Record",
          "name": "triggerMode",
          "flags": 128
        }
      ]
    },
    {
      "fullName": "AIActionHelper::WeaponHasTriggerMode;WeaponObjectTriggerMode_Record",
      "shortName": "WeaponHasTriggerMode",
      "return": {
        "type": "Bool",
        "flags": 64
      },
      "flags": 33286,
      "params": [
        {
          "type": "whandle:gameweaponObject",
          "name": "weapon",
          "flags": 128
        },
        {
          "type": "whandle:gamedataTriggerMode_Record",
          "name": "triggerMode",
          "flags": 128
        }
      ]
    },
    {
      "fullName": "AIActionHelper::WeaponHasTriggerModes;WeaponObjectWeaponItem_Recordscript_ref<array<TriggerMode_Record>>",
      "shortName": "WeaponHasTriggerModes",
      "return": {
        "type": "Bool",
        "flags": 64
      },
      "flags": 33286,
      "params": [
        {
          "type": "whandle:gameweaponObject",
          "name": "weapon",
          "flags": 128
        },
        {
          "type": "whandle:gamedataWeaponItem_Record",
          "name": "weaponRecord",
          "flags": 128
        },
        {
          "type": "script_ref:array:whandle:gamedataTriggerMode_Record",
          "name": "triggerModes",
          "flags": 128
        }
      ]
    }
  ]
}
