{
  "parent": "IScriptable",
  "name": "AIActionChecks",
  "flags": 4,
  "funcs": [
    {
      "fullName": "AIActionChecks::CheckAllNPCStateTypes;ScriptedPuppetscript_ref<AIActionNPCStates>",
      "shortName": "CheckAllNPCStateTypes",
      "return": {
        "type": "Bool",
        "flags": 64
      },
      "flags": 33286,
      "params": [
        {
          "type": "handle:ScriptedPuppet",
          "name": "puppet",
          "flags": 128
        },
        {
          "type": "script_ref:AIActionNPCStates",
          "name": "npcStates",
          "flags": 128
        }
      ]
    },
    {
      "fullName": "AIActionChecks::CheckAllPlayerStateTypes;ScriptedPuppetscript_ref<AIActionPlayerStates>",
      "shortName": "CheckAllPlayerStateTypes",
      "return": {
        "type": "Bool",
        "flags": 64
      },
      "flags": 33286,
      "params": [
        {
          "type": "handle:ScriptedPuppet",
          "name": "playerPuppet",
          "flags": 128
        },
        {
          "type": "script_ref:AIActionPlayerStates",
          "name": "playerStates",
          "flags": 128
        }
      ]
    },
    {
      "fullName": "AIActionChecks::CheckBehaviorState;ScriptedPuppetscript_ref<array<gamedataNPCBehaviorState>>",
      "shortName": "CheckBehaviorState",
      "return": {
        "type": "Bool",
        "flags": 64
      },
      "flags": 33286,
      "params": [
        {
          "type": "handle:ScriptedPuppet",
          "name": "puppet",
          "flags": 128
        },
        {
          "type": "script_ref:array:gamedataNPCBehaviorState",
          "name": "behaviorStates",
          "flags": 128
        }
      ]
    },
    {
      "fullName": "AIActionChecks::CheckDefenseMode;ScriptedPuppetscript_ref<array<gamedataDefenseMode>>",
      "shortName": "CheckDefenseMode",
      "return": {
        "type": "Bool",
        "flags": 64
      },
      "flags": 33286,
      "params": [
        {
          "type": "handle:ScriptedPuppet",
          "name": "puppet",
          "flags": 128
        },
        {
          "type": "script_ref:array:gamedataDefenseMode",
          "name": "defenseMode",
          "flags": 128
        }
      ]
    },
    {
      "fullName": "AIActionChecks::CheckHighLevelState;ScriptedPuppetscript_ref<array<gamedataNPCHighLevelState>>",
      "shortName": "CheckHighLevelState",
      "return": {
        "type": "Bool",
        "flags": 64
      },
      "flags": 33286,
      "params": [
        {
          "type": "handle:ScriptedPuppet",
          "name": "puppet",
          "flags": 128
        },
        {
          "type": "script_ref:array:gamedataNPCHighLevelState",
          "name": "highLevelStates",
          "flags": 128
        }
      ]
    },
    {
      "fullName": "AIActionChecks::CheckLocomotionMode;ScriptedPuppetscript_ref<array<gamedataLocomotionMode>>",
      "shortName": "CheckLocomotionMode",
      "return": {
        "type": "Bool",
        "flags": 64
      },
      "flags": 33286,
      "params": [
        {
          "type": "handle:ScriptedPuppet",
          "name": "puppet",
          "flags": 128
        },
        {
          "type": "script_ref:array:gamedataLocomotionMode",
          "name": "locomotionMode",
          "flags": 128
        }
      ]
    },
    {
      "fullName": "AIActionChecks::CheckMountedVehicleDesiredTags;ScriptedPuppetscript_ref<array<CName>>",
      "shortName": "CheckMountedVehicleDesiredTags",
      "return": {
        "type": "Bool",
        "flags": 64
      },
      "flags": 33286,
      "params": [
        {
          "type": "handle:ScriptedPuppet",
          "name": "puppet",
          "flags": 128
        },
        {
          "type": "script_ref:array:CName",
          "name": "desiredTags",
          "flags": 128
        }
      ]
    },
    {
      "fullName": "AIActionChecks::CheckNPCState;ScriptedPuppetscript_ref<AIActionNPCStates>",
      "shortName": "CheckNPCState",
      "return": {
        "type": "Bool",
        "flags": 64
      },
      "flags": 33286,
      "params": [
        {
          "type": "handle:ScriptedPuppet",
          "name": "puppet",
          "flags": 128
        },
        {
          "type": "script_ref:AIActionNPCStates",
          "name": "npcStates",
          "flags": 128
        }
      ]
    },
    {
      "fullName": "AIActionChecks::CheckOwnerState;ScriptedPuppetscript_ref<AIActionNPCStates>Bool",
      "shortName": "CheckOwnerState",
      "return": {
        "type": "Bool",
        "flags": 64
      },
      "flags": 33286,
      "params": [
        {
          "type": "handle:ScriptedPuppet",
          "name": "puppet",
          "flags": 128
        },
        {
          "type": "script_ref:AIActionNPCStates",
          "name": "npcStates",
          "flags": 128
        },
        {
          "type": "Bool",
          "name": "checkAll",
          "flags": 128
        }
      ]
    },
    {
      "fullName": "AIActionChecks::CheckPSMBodyCarryState;ScriptedPuppetscript_ref<array<gamePSMBodyCarrying>>",
      "shortName": "CheckPSMBodyCarryState",
      "return": {
        "type": "Bool",
        "flags": 64
      },
      "flags": 33286,
      "params": [
        {
          "type": "handle:ScriptedPuppet",
          "name": "playerPuppet",
          "flags": 128
        },
        {
          "type": "script_ref:array:gamePSMBodyCarrying",
          "name": "bodyCarryStates",
          "flags": 128
        }
      ]
    },
    {
      "fullName": "AIActionChecks::CheckPSMCombatState;ScriptedPuppetscript_ref<array<gamePSMCombat>>",
      "shortName": "CheckPSMCombatState",
      "return": {
        "type": "Bool",
        "flags": 64
      },
      "flags": 33286,
      "params": [
        {
          "type": "handle:ScriptedPuppet",
          "name": "playerPuppet",
          "flags": 128
        },
        {
          "type": "script_ref:array:gamePSMCombat",
          "name": "combatStates",
          "flags": 128
        }
      ]
    },
    {
      "fullName": "AIActionChecks::CheckPSMLocomotionState;ScriptedPuppetscript_ref<array<gamePSMLocomotionStates>>",
      "shortName": "CheckPSMLocomotionState",
      "return": {
        "type": "Bool",
        "flags": 64
      },
      "flags": 33286,
      "params": [
        {
          "type": "handle:ScriptedPuppet",
          "name": "playerPuppet",
          "flags": 128
        },
        {
          "type": "script_ref:array:gamePSMLocomotionStates",
          "name": "locomotionStates",
          "flags": 128
        }
      ]
    },
    {
      "fullName": "AIActionChecks::CheckPSMMeleeState;ScriptedPuppetscript_ref<array<gamePSMMelee>>",
      "shortName": "CheckPSMMeleeState",
      "return": {
        "type": "Bool",
        "flags": 64
      },
      "flags": 33286,
      "params": [
        {
          "type": "handle:ScriptedPuppet",
          "name": "playerPuppet",
          "flags": 128
        },
        {
          "type": "script_ref:array:gamePSMMelee",
          "name": "meleeStates",
          "flags": 128
        }
      ]
    },
    {
      "fullName": "AIActionChecks::CheckPSMUpperBodyState;ScriptedPuppetscript_ref<array<gamePSMUpperBodyStates>>",
      "shortName": "CheckPSMUpperBodyState",
      "return": {
        "type": "Bool",
        "flags": 64
      },
      "flags": 33286,
      "params": [
        {
          "type": "handle:ScriptedPuppet",
          "name": "playerPuppet",
          "flags": 128
        },
        {
          "type": "script_ref:array:gamePSMUpperBodyStates",
          "name": "upperBodyStates",
          "flags": 128
        }
      ]
    },
    {
      "fullName": "AIActionChecks::CheckPSMZoneState;ScriptedPuppetscript_ref<array<gamePSMZones>>",
      "shortName": "CheckPSMZoneState",
      "return": {
        "type": "Bool",
        "flags": 64
      },
      "flags": 33286,
      "params": [
        {
          "type": "handle:ScriptedPuppet",
          "name": "playerPuppet",
          "flags": 128
        },
        {
          "type": "script_ref:array:gamePSMZones",
          "name": "zoneStates",
          "flags": 128
        }
      ]
    },
    {
      "fullName": "AIActionChecks::CheckPlayerState;ScriptedPuppetscript_ref<AIActionPlayerStates>",
      "shortName": "CheckPlayerState",
      "return": {
        "type": "Bool",
        "flags": 64
      },
      "flags": 33286,
      "params": [
        {
          "type": "handle:ScriptedPuppet",
          "name": "playerPuppet",
          "flags": 128
        },
        {
          "type": "script_ref:AIActionPlayerStates",
          "name": "playerStates",
          "flags": 128
        }
      ]
    },
    {
      "fullName": "AIActionChecks::CheckStanceState;ScriptedPuppetscript_ref<array<gamedataNPCStanceState>>",
      "shortName": "CheckStanceState",
      "return": {
        "type": "Bool",
        "flags": 64
      },
      "flags": 33286,
      "params": [
        {
          "type": "handle:ScriptedPuppet",
          "name": "puppet",
          "flags": 128
        },
        {
          "type": "script_ref:array:gamedataNPCStanceState",
          "name": "stanceStates",
          "flags": 128
        }
      ]
    },
    {
      "fullName": "AIActionChecks::CheckTargetState;ScriptedPuppetscript_ref<AIActionTargetStates>Bool",
      "shortName": "CheckTargetState",
      "return": {
        "type": "Bool",
        "flags": 64
      },
      "flags": 33286,
      "params": [
        {
          "type": "handle:ScriptedPuppet",
          "name": "target",
          "flags": 128
        },
        {
          "type": "script_ref:AIActionTargetStates",
          "name": "targetStates",
          "flags": 128
        },
        {
          "type": "Bool",
          "name": "checkAll",
          "flags": 128
        }
      ]
    },
    {
      "fullName": "AIActionChecks::CheckUpperBodyState;ScriptedPuppetscript_ref<array<gamedataNPCUpperBodyState>>",
      "shortName": "CheckUpperBodyState",
      "return": {
        "type": "Bool",
        "flags": 64
      },
      "flags": 33286,
      "params": [
        {
          "type": "handle:ScriptedPuppet",
          "name": "puppet",
          "flags": 128
        },
        {
          "type": "script_ref:array:gamedataNPCUpperBodyState",
          "name": "upperBodyStates",
          "flags": 128
        }
      ]
    },
    {
      "fullName": "AIActionChecks::GetPSMBlackbordInt;ScriptedPuppetBlackboardID_Int",
      "shortName": "GetPSMBlackbordInt",
      "return": {
        "type": "Int32",
        "flags": 64
      },
      "flags": 33286,
      "params": [
        {
          "type": "handle:ScriptedPuppet",
          "name": "playerPuppet",
          "flags": 128
        },
        {
          "type": "gamebbScriptID_Int32",
          "name": "id",
          "flags": 128
        }
      ]
    }
  ]
}
