{
  "parent": "AIBlackboardDef",
  "name": "AIActionDataDef",
  "flags": 4,
  "props": [
    {
      "type": "gamebbScriptID_Int32",
      "name": "ownerMeleeAttackBlockedCount",
      "flags": 4297326624
    },
    {
      "type": "gamebbScriptID_Int32",
      "name": "ownerMeleeAttackParriedCount",
      "flags": 4297326624
    },
    {
      "type": "gamebbScriptID_Int32",
      "name": "ownerMeleeAttackDodgedCount",
      "flags": 4297326624
    },
    {
      "type": "gamebbScriptID_Float",
      "name": "ownerLastAttackTimeStamp",
      "flags": 4297326624
    },
    {
      "type": "gamebbScriptID_CName",
      "name": "ownerLastAttackName",
      "flags": 4297326624
    },
    {
      "type": "gamebbScriptID_Bool",
      "name": "ownerInTumble",
      "flags": 4297326624
    },
    {
      "type": "gamebbScriptID_Bool",
      "name": "ownerCurrentAnimVariationSet",
      "flags": 4297326624
    },
    {
      "type": "gamebbScriptID_Variant",
      "name": "ownerLastAnimVariationAction",
      "flags": 4297326624
    },
    {
      "type": "gamebbScriptID_Int32",
      "name": "ownerLastAnimVariation",
      "flags": 4297326624
    },
    {
      "type": "gamebbScriptID_Int32",
      "name": "ownerLastBlockAnimVariation",
      "flags": 4297326624
    },
    {
      "type": "gamebbScriptID_Variant",
      "name": "ownerItemsToEquip",
      "flags": 4297326624
    },
    {
      "type": "gamebbScriptID_Variant",
      "name": "ownerItemsUnequipped",
      "flags": 4297326624
    },
    {
      "type": "gamebbScriptID_Variant",
      "name": "ownerItemsForceUnequipped",
      "flags": 4297326624
    },
    {
      "type": "gamebbScriptID_Variant",
      "name": "ownerLastEquippedItems",
      "flags": 4297326624
    },
    {
      "type": "gamebbScriptID_Float",
      "name": "ownerLastUnequipTimestamp",
      "flags": 4297326624
    },
    {
      "type": "gamebbScriptID_Float",
      "name": "ownerEquipItemTime",
      "flags": 4297326624
    },
    {
      "type": "gamebbScriptID_Float",
      "name": "ownerEquipDuration",
      "flags": 4297326624
    },
    {
      "type": "gamebbScriptID_Bool",
      "name": "dropItemOnUnequip",
      "flags": 4297326624
    },
    {
      "type": "gamebbScriptID_Bool",
      "name": "archetypeEffectorsApplied",
      "flags": 4297326624
    },
    {
      "type": "gamebbScriptID_Float",
      "name": "ownerTimeDilation",
      "flags": 4297326624
    },
    {
      "type": "gamebbScriptID_Float",
      "name": "ownerGlobalTimeDilation",
      "flags": 4297326624
    },
    {
      "type": "gamebbScriptID_Bool",
      "name": "operationHasBeenProcessed",
      "flags": 4297326624
    },
    {
      "type": "gamebbScriptID_Bool",
      "name": "weaponTrailInitialised",
      "flags": 4297326624
    },
    {
      "type": "gamebbScriptID_Bool",
      "name": "weaponTrailAborted",
      "flags": 4297326624
    },
    {
      "type": "gamebbScriptID_Variant",
      "name": "netrunner",
      "flags": 4297326624
    },
    {
      "type": "gamebbScriptID_Variant",
      "name": "netrunnerProxy",
      "flags": 4297326624
    },
    {
      "type": "gamebbScriptID_Variant",
      "name": "netrunnerTarget",
      "flags": 4297326624
    },
    {
      "type": "gamebbScriptID_Bool",
      "name": "ignoreInCombatMoveCommand",
      "flags": 4297326624
    },
    {
      "type": "gamebbScriptID_Float",
      "name": "avoidLOSTimeStamp",
      "flags": 4297326624
    },
    {
      "type": "gamebbScriptID_Bool",
      "name": "attackBlocked",
      "flags": 4297326624
    },
    {
      "type": "gamebbScriptID_Bool",
      "name": "attackParried",
      "flags": 4297326624
    },
    {
      "type": "gamebbScriptID_Float",
      "name": "lastGrenadeThrowTimestamp",
      "flags": 4297326624
    }
  ],
  "funcs": [
    {
      "fullName": "AutoCreateInSystem;",
      "shortName": "AutoCreateInSystem",
      "return": {
        "type": "Bool",
        "flags": 64
      },
      "flags": 42500
    },
    {
      "fullName": "Initialize;IBlackboard",
      "shortName": "Initialize",
      "flags": 42500,
      "params": [
        {
          "type": "handle:gameIBlackboard",
          "name": "blackboard",
          "flags": 128
        }
      ]
    }
  ]
}
