{
  "name": "AIActionNPCStates",
  "flags": 8,
  "props": [
    {
      "type": "array:gamedataNPCHighLevelState",
      "name": "highLevelStates",
      "flags": 6581125152
    },
    {
      "type": "array:gamedataNPCUpperBodyState",
      "name": "upperBodyStates",
      "flags": 6581125152
    },
    {
      "type": "array:gamedataNPCStanceState",
      "name": "stanceStates",
      "flags": 6581125152
    },
    {
      "type": "array:gamedataNPCBehaviorState",
      "name": "behaviorStates",
      "flags": 6581125152
    },
    {
      "type": "array:gamedataDefenseMode",
      "name": "defenseMode",
      "flags": 6581125152
    },
    {
      "type": "array:gamedataLocomotionMode",
      "name": "locomotionMode",
      "flags": 6581125152
    }
  ]
}
