{
  "name": "AIActionSlideParams",
  "flags": 8,
  "props": [
    {
      "type": "Float",
      "name": "distance",
      "flags": 4295229472
    },
    {
      "type": "Float",
      "name": "directionAngle",
      "flags": 4295229472
    },
    {
      "type": "Float",
      "name": "duration",
      "flags": 4295229472
    },
    {
      "type": "Float",
      "name": "offset",
      "flags": 4295229472
    },
    {
      "type": "Bool",
      "name": "slideToTarget",
      "flags": 4295229472
    },
    {
      "type": "Bool",
      "name": "debugDrawSlideLines",
      "flags": 4295229472
    }
  ]
}
