{
  "parent": "AISmartSpot",
  "name": "AIActionSpot",
  "flags": 2,
  "props": [
    {
      "type": "raRef:workWorkspotResource",
      "name": "resource",
      "flags": 6694125569
    },
    {
      "type": "AISocketsForRig",
      "name": "ActorBodytypeE3",
      "flags": 6627016705
    },
    {
      "type": "NodeRef",
      "name": "masterNodeRef",
      "flags": 6627016705
    },
    {
      "type": "Bool",
      "name": "enabledWhenMasterOccupied",
      "flags": 6627016705
    },
    {
      "type": "Bool",
      "name": "snapToGround",
      "flags": 6627016705
    },
    {
      "type": "Bool",
      "name": "useClippingSpace",
      "flags": 6627016705
    },
    {
      "type": "Float",
      "name": "clippingSpaceOrientation",
      "flags": 6627016705
    },
    {
      "type": "Float",
      "name": "clippingSpaceRange",
      "flags": 6627016705
    }
  ]
}
