{
  "name": "AIActionLookatParams",
  "flags": 8,
  "props": [
    {
      "type": "Bool",
      "name": "useLookat",
      "flags": 4295229472
    },
    {
      "type": "Bool",
      "name": "useLeftHand",
      "flags": 4295229472
    },
    {
      "type": "Bool",
      "name": "useRightHand",
      "flags": 4295229472
    },
    {
      "type": "Bool",
      "name": "attachRightHandtoLeftHand",
      "flags": 4295229472
    },
    {
      "type": "Bool",
      "name": "attachLeftHandtoRightHand",
      "flags": 4295229472
    },
    {
      "type": "CName",
      "name": "slotName",
      "flags": 4295229472
    },
    {
      "type": "animLookAtStyle",
      "name": "lookatStyle",
      "flags": 4295229472
    },
    {
      "type": "Bool",
      "name": "hasOutTransition",
      "flags": 4295229472
    },
    {
      "type": "animLookAtStyle",
      "name": "outTransitionStyle",
      "flags": 4295229472
    },
    {
      "type": "animLookAtLimitDegreesType",
      "name": "softLimitDegrees",
      "flags": 4295229472
    },
    {
      "type": "animLookAtLimitDegreesType",
      "name": "hardLimitDegrees",
      "flags": 4295229472
    },
    {
      "type": "animLookAtLimitDistanceType",
      "name": "hardLimitDistance",
      "flags": 4295229472
    },
    {
      "type": "animLookAtLimitDegreesType",
      "name": "backLimitDegrees",
      "flags": 4295229472
    },
    {
      "type": "array:animLookAtPartRequest",
      "name": "additionalParts",
      "flags": 6581125152
    }
  ]
}
