{
  "parent": "AIBlackboardDef",
  "name": "AIActionBossDataDef",
  "flags": 4,
  "props": [
    {
      "type": "gamebbScriptID_Variant",
      "name": "excludedWaypointPosition",
      "flags": 4297326624
    },
    {
      "type": "gamebbScriptID_Vector4",
      "name": "excludedTeleportPosition",
      "flags": 4297326624
    }
  ],
  "funcs": [
    {
      "fullName": "AutoCreateInSystem;",
      "shortName": "AutoCreateInSystem",
      "return": {
        "type": "Bool",
        "flags": 64
      },
      "flags": 42500
    }
  ]
}
