{
  "parent": "IScriptable",
  "name": "AIActionParams",
  "flags": 4,
  "funcs": [
    {
      "fullName": "AIActionParams::CreateActionID;ScriptExecutionContextScriptedPuppetscript_ref<String>AIactionParamsPackageTypesCName",
      "shortName": "CreateActionID",
      "return": {
        "type": "TweakDBID",
        "flags": 64
      },
      "flags": 33286,
      "params": [
        {
          "type": "AIbehaviorScriptExecutionContext",
          "name": "context",
          "flags": 128
        },
        {
          "type": "handle:ScriptedPuppet",
          "name": "puppet",
          "flags": 128
        },
        {
          "type": "script_ref:String",
          "name": "actionStringName",
          "flags": 128
        },
        {
          "type": "AIactionParamsPackageTypes",
          "name": "actionPackageType",
          "flags": 128
        },
        {
          "type": "CName",
          "name": "actionName",
          "flags": 640
        }
      ]
    },
    {
      "fullName": "AIActionParams::GetBehaviorStateFromName;CName",
      "shortName": "GetBehaviorStateFromName",
      "return": {
        "type": "gamedataNPCBehaviorState",
        "flags": 64
      },
      "flags": 33286,
      "params": [
        {
          "type": "CName",
          "name": "nameParam",
          "flags": 128
        }
      ]
    },
    {
      "fullName": "AIActionParams::GetDefenseModeFromName;CName",
      "shortName": "GetDefenseModeFromName",
      "return": {
        "type": "gamedataDefenseMode",
        "flags": 64
      },
      "flags": 33286,
      "params": [
        {
          "type": "CName",
          "name": "nameParam",
          "flags": 128
        }
      ]
    },
    {
      "fullName": "AIActionParams::GetHighLevelStateFromName;CName",
      "shortName": "GetHighLevelStateFromName",
      "return": {
        "type": "gamedataNPCHighLevelState",
        "flags": 64
      },
      "flags": 33286,
      "params": [
        {
          "type": "CName",
          "name": "nameParam",
          "flags": 128
        }
      ]
    },
    {
      "fullName": "AIActionParams::GetLocomotionModeFromName;CName",
      "shortName": "GetLocomotionModeFromName",
      "return": {
        "type": "gamedataLocomotionMode",
        "flags": 64
      },
      "flags": 33286,
      "params": [
        {
          "type": "CName",
          "name": "nameParam",
          "flags": 128
        }
      ]
    },
    {
      "fullName": "AIActionParams::GetOwnerStatesFromArray;script_ref<array<CName>>",
      "shortName": "GetOwnerStatesFromArray",
      "return": {
        "type": "AIActionNPCStates",
        "flags": 64
      },
      "flags": 33286,
      "params": [
        {
          "type": "script_ref:array:CName",
          "name": "ownerStates",
          "flags": 128
        }
      ]
    },
    {
      "fullName": "AIActionParams::GetPSMBodyCarryStateFromName;CNamegamePSMBodyCarrying",
      "shortName": "GetPSMBodyCarryStateFromName",
      "return": {
        "type": "Bool",
        "flags": 64
      },
      "flags": 33286,
      "params": [
        {
          "type": "CName",
          "name": "nameParam",
          "flags": 128
        },
        {
          "type": "gamePSMBodyCarrying",
          "name": "bodyCarryState",
          "flags": 640
        }
      ]
    },
    {
      "fullName": "AIActionParams::GetPSMCombatStateFromName;CNamegamePSMCombat",
      "shortName": "GetPSMCombatStateFromName",
      "return": {
        "type": "Bool",
        "flags": 64
      },
      "flags": 33286,
      "params": [
        {
          "type": "CName",
          "name": "nameParam",
          "flags": 128
        },
        {
          "type": "gamePSMCombat",
          "name": "combatState",
          "flags": 640
        }
      ]
    },
    {
      "fullName": "AIActionParams::GetPSMLocomotionStateFromName;CNamegamePSMLocomotionStates",
      "shortName": "GetPSMLocomotionStateFromName",
      "return": {
        "type": "Bool",
        "flags": 64
      },
      "flags": 33286,
      "params": [
        {
          "type": "CName",
          "name": "nameParam",
          "flags": 128
        },
        {
          "type": "gamePSMLocomotionStates",
          "name": "locomotionState",
          "flags": 640
        }
      ]
    },
    {
      "fullName": "AIActionParams::GetPSMMeleeStateFromName;CNamegamePSMMelee",
      "shortName": "GetPSMMeleeStateFromName",
      "return": {
        "type": "Bool",
        "flags": 64
      },
      "flags": 33286,
      "params": [
        {
          "type": "CName",
          "name": "nameParam",
          "flags": 128
        },
        {
          "type": "gamePSMMelee",
          "name": "meleeState",
          "flags": 640
        }
      ]
    },
    {
      "fullName": "AIActionParams::GetPSMUpperBodyStateFromName;CNamegamePSMUpperBodyStates",
      "shortName": "GetPSMUpperBodyStateFromName",
      "return": {
        "type": "Bool",
        "flags": 64
      },
      "flags": 33286,
      "params": [
        {
          "type": "CName",
          "name": "nameParam",
          "flags": 128
        },
        {
          "type": "gamePSMUpperBodyStates",
          "name": "upperBodyState",
          "flags": 640
        }
      ]
    },
    {
      "fullName": "AIActionParams::GetPSMZoneStateFromName;CNamegamePSMZones",
      "shortName": "GetPSMZoneStateFromName",
      "return": {
        "type": "Bool",
        "flags": 64
      },
      "flags": 33286,
      "params": [
        {
          "type": "CName",
          "name": "nameParam",
          "flags": 128
        },
        {
          "type": "gamePSMZones",
          "name": "zoneState",
          "flags": 640
        }
      ]
    },
    {
      "fullName": "AIActionParams::GetStanceStateFromName;CName",
      "shortName": "GetStanceStateFromName",
      "return": {
        "type": "gamedataNPCStanceState",
        "flags": 64
      },
      "flags": 33286,
      "params": [
        {
          "type": "CName",
          "name": "nameParam",
          "flags": 128
        }
      ]
    },
    {
      "fullName": "AIActionParams::GetTargetStatesFromArray;script_ref<array<CName>>GameObject",
      "shortName": "GetTargetStatesFromArray",
      "return": {
        "type": "AIActionTargetStates",
        "flags": 64
      },
      "flags": 33286,
      "params": [
        {
          "type": "script_ref:array:CName",
          "name": "targetStates",
          "flags": 128
        },
        {
          "type": "whandle:gameObject",
          "name": "target",
          "flags": 128
        }
      ]
    },
    {
      "fullName": "AIActionParams::GetTargetStatesFromArray;script_ref<array<CName>>",
      "shortName": "GetTargetStatesFromArray",
      "return": {
        "type": "AIActionTargetStates",
        "flags": 64
      },
      "flags": 33286,
      "params": [
        {
          "type": "script_ref:array:CName",
          "name": "targetStates",
          "flags": 128
        }
      ]
    },
    {
      "fullName": "AIActionParams::GetUpperBodyStateFromName;CName",
      "shortName": "GetUpperBodyStateFromName",
      "return": {
        "type": "gamedataNPCUpperBodyState",
        "flags": 64
      },
      "flags": 33286,
      "params": [
        {
          "type": "CName",
          "name": "nameParam",
          "flags": 128
        }
      ]
    },
    {
      "fullName": "AIActionParams::PushBackNPCState;script_ref<AIActionNPCStates>CName",
      "shortName": "PushBackNPCState",
      "flags": 33286,
      "params": [
        {
          "type": "script_ref:AIActionNPCStates",
          "name": "npcStates",
          "flags": 128
        },
        {
          "type": "CName",
          "name": "stateName",
          "flags": 128
        }
      ]
    },
    {
      "fullName": "AIActionParams::PushBackPlayerState;script_ref<AIActionPlayerStates>CName",
      "shortName": "PushBackPlayerState",
      "flags": 33286,
      "params": [
        {
          "type": "script_ref:AIActionPlayerStates",
          "name": "playerStates",
          "flags": 128
        },
        {
          "type": "CName",
          "name": "stateName",
          "flags": 128
        }
      ]
    },
    {
      "fullName": "AIActionParams::TempGetIsValid;TweakDBID",
      "shortName": "TempGetIsValid",
      "return": {
        "type": "Bool",
        "flags": 64
      },
      "flags": 33286,
      "params": [
        {
          "type": "TweakDBID",
          "name": "actionID",
          "flags": 128
        }
      ]
    }
  ]
}
