{
  "parent": "AIbehaviortaskScript",
  "name": "AIActionHelperTask",
  "flags": 5,
  "props": [
    {
      "type": "handle:AIArgumentMapping",
      "name": "actionTweakIDMapping",
      "flags": 4431544357
    },
    {
      "type": "String",
      "name": "actionStringName",
      "flags": 4297130016
    },
    {
      "type": "Bool",
      "name": "initialized",
      "flags": 4297130016
    },
    {
      "type": "CName",
      "name": "actionName",
      "flags": 4297130016
    },
    {
      "type": "TweakDBID",
      "name": "actionID",
      "flags": 4297130016
    }
  ],
  "funcs": [
    {
      "fullName": "GetActionID;",
      "shortName": "GetActionID",
      "return": {
        "type": "TweakDBID",
        "flags": 64
      },
      "flags": 33028
    },
    {
      "fullName": "GetActionPackageType;",
      "shortName": "GetActionPackageType",
      "return": {
        "type": "AIactionParamsPackageTypes",
        "flags": 64
      },
      "flags": 32900
    },
    {
      "fullName": "GetActionStringName;ScriptExecutionContext",
      "shortName": "GetActionStringName",
      "return": {
        "type": "String",
        "flags": 64
      },
      "flags": 32900,
      "params": [
        {
          "type": "AIbehaviorScriptExecutionContext",
          "name": "context",
          "flags": 128
        }
      ]
    },
    {
      "fullName": "Initialize;ScriptExecutionContext",
      "shortName": "Initialize",
      "flags": 33028,
      "params": [
        {
          "type": "AIbehaviorScriptExecutionContext",
          "name": "context",
          "flags": 128
        }
      ]
    }
  ]
}
