{
  "name": "AIActionPlayerStates",
  "flags": 8,
  "props": [
    {
      "type": "array:gamePSMLocomotionStates",
      "name": "locomotionStates",
      "flags": 6581125152
    },
    {
      "type": "array:gamePSMUpperBodyStates",
      "name": "upperBodyStates",
      "flags": 6581125152
    },
    {
      "type": "array:gamePSMMelee",
      "name": "meleeStates",
      "flags": 6581125152
    },
    {
      "type": "array:gamePSMZones",
      "name": "zoneStates",
      "flags": 6581125152
    },
    {
      "type": "array:gamePSMBodyCarrying",
      "name": "bodyCarryStates",
      "flags": 6581125152
    },
    {
      "type": "array:gamePSMCombat",
      "name": "combatStates",
      "flags": 6581125152
    }
  ]
}
