{
  "parent": "IScriptable",
  "name": "AIActionTarget",
  "flags": 5,
  "funcs": [
    {
      "fullName": "AIActionTarget::BossThreatCalculation;ScriptedPuppetVector4TargetTrackerComponentGameObjectGameObjectFloatFloatFloat",
      "shortName": "BossThreatCalculation",
      "flags": 32902,
      "params": [
        {
          "type": "whandle:ScriptedPuppet",
          "name": "owner",
          "flags": 128
        },
        {
          "type": "Vector4",
          "name": "ownerPos",
          "flags": 128
        },
        {
          "type": "handle:AITargetTrackerComponent",
          "name": "targetTrackerComponent",
          "flags": 128
        },
        {
          "type": "whandle:gameObject",
          "name": "newTargetObject",
          "flags": 128
        },
        {
          "type": "whandle:gameObject",
          "name": "threat",
          "flags": 128
        },
        {
          "type": "Float",
          "name": "timeSinceTargetChange",
          "flags": 128
        },
        {
          "type": "Float",
          "name": "currentTime",
          "flags": 128
        },
        {
          "type": "Float",
          "name": "threatValue",
          "flags": 640
        }
      ]
    },
    {
      "fullName": "AIActionTarget::Get;ScriptExecutionContextAIActionTarget_RecordGameObjectVector4Uint64Float",
      "shortName": "Get",
      "return": {
        "type": "Bool",
        "flags": 64
      },
      "flags": 33286,
      "params": [
        {
          "type": "AIbehaviorScriptExecutionContext",
          "name": "context",
          "flags": 128
        },
        {
          "type": "handle:gamedataAIActionTarget_Record",
          "name": "record",
          "flags": 128
        },
        {
          "type": "whandle:gameObject",
          "name": "obj",
          "flags": 640
        },
        {
          "type": "Vector4",
          "name": "pos",
          "flags": 640
        },
        {
          "type": "Uint64",
          "name": "coverID",
          "flags": 640
        },
        {
          "type": "Float",
          "name": "predictionTime",
          "flags": 1152
        }
      ]
    },
    {
      "fullName": "AIActionTarget::Get;ScriptExecutionContextAIActionTarget_RecordBoolGameObjectVector4Float",
      "shortName": "Get",
      "return": {
        "type": "Bool",
        "flags": 64
      },
      "flags": 33286,
      "params": [
        {
          "type": "AIbehaviorScriptExecutionContext",
          "name": "context",
          "flags": 128
        },
        {
          "type": "whandle:gamedataAIActionTarget_Record",
          "name": "record",
          "flags": 128
        },
        {
          "type": "Bool",
          "name": "getSlotPosition",
          "flags": 128
        },
        {
          "type": "whandle:gameObject",
          "name": "obj",
          "flags": 640
        },
        {
          "type": "Vector4",
          "name": "position",
          "flags": 640
        },
        {
          "type": "Float",
          "name": "predictionTime",
          "flags": 1152
        }
      ]
    },
    {
      "fullName": "AIActionTarget::Get;ScriptExecutionContextAIActionTarget_RecordBoolGameObjectVector4Uint64Float",
      "shortName": "Get",
      "return": {
        "type": "Bool",
        "flags": 64
      },
      "flags": 33286,
      "params": [
        {
          "type": "AIbehaviorScriptExecutionContext",
          "name": "context",
          "flags": 128
        },
        {
          "type": "handle:gamedataAIActionTarget_Record",
          "name": "record",
          "flags": 128
        },
        {
          "type": "Bool",
          "name": "getSlotPosition",
          "flags": 128
        },
        {
          "type": "whandle:gameObject",
          "name": "obj",
          "flags": 640
        },
        {
          "type": "Vector4",
          "name": "pos",
          "flags": 640
        },
        {
          "type": "Uint64",
          "name": "coverID",
          "flags": 640
        },
        {
          "type": "Float",
          "name": "predictionTime",
          "flags": 1152
        }
      ]
    },
    {
      "fullName": "AIActionTarget::GetClosestMemberId;SquadScriptInterfaceVector4",
      "shortName": "GetClosestMemberId",
      "return": {
        "type": "entEntityID",
        "flags": 64
      },
      "flags": 32902,
      "params": [
        {
          "type": "handle:AISquadScriptInterface",
          "name": "smi",
          "flags": 128
        },
        {
          "type": "Vector4",
          "name": "pos",
          "flags": 128
        }
      ]
    },
    {
      "fullName": "AIActionTarget::GetCoverID;ScriptExecutionContextAIActionTarget_RecordUint64",
      "shortName": "GetCoverID",
      "return": {
        "type": "Bool",
        "flags": 64
      },
      "flags": 33286,
      "params": [
        {
          "type": "AIbehaviorScriptExecutionContext",
          "name": "context",
          "flags": 128
        },
        {
          "type": "whandle:gamedataAIActionTarget_Record",
          "name": "record",
          "flags": 128
        },
        {
          "type": "Uint64",
          "name": "coverID",
          "flags": 640
        }
      ]
    },
    {
      "fullName": "AIActionTarget::GetCoverID;ScriptExecutionContextAIActionTarget_RecordUint64Vector4",
      "shortName": "GetCoverID",
      "return": {
        "type": "Bool",
        "flags": 64
      },
      "flags": 33286,
      "params": [
        {
          "type": "AIbehaviorScriptExecutionContext",
          "name": "context",
          "flags": 128
        },
        {
          "type": "whandle:gamedataAIActionTarget_Record",
          "name": "record",
          "flags": 128
        },
        {
          "type": "Uint64",
          "name": "coverID",
          "flags": 640
        },
        {
          "type": "Vector4",
          "name": "position",
          "flags": 640
        }
      ]
    },
    {
      "fullName": "AIActionTarget::GetCoverPosition;ScriptExecutionContextUint64Vector4",
      "shortName": "GetCoverPosition",
      "return": {
        "type": "Bool",
        "flags": 64
      },
      "flags": 33286,
      "params": [
        {
          "type": "AIbehaviorScriptExecutionContext",
          "name": "context",
          "flags": 128
        },
        {
          "type": "Uint64",
          "name": "coverID",
          "flags": 128
        },
        {
          "type": "Vector4",
          "name": "position",
          "flags": 640
        }
      ]
    },
    {
      "fullName": "AIActionTarget::GetCurrentCoverID;ScriptExecutionContextUint64Vector4",
      "shortName": "GetCurrentCoverID",
      "return": {
        "type": "Bool",
        "flags": 64
      },
      "flags": 33286,
      "params": [
        {
          "type": "AIbehaviorScriptExecutionContext",
          "name": "context",
          "flags": 128
        },
        {
          "type": "Uint64",
          "name": "coverID",
          "flags": 640
        },
        {
          "type": "Vector4",
          "name": "position",
          "flags": 640
        }
      ]
    },
    {
      "fullName": "AIActionTarget::GetCurrentCoverID;ScriptExecutionContextUint64",
      "shortName": "GetCurrentCoverID",
      "return": {
        "type": "Bool",
        "flags": 64
      },
      "flags": 33286,
      "params": [
        {
          "type": "AIbehaviorScriptExecutionContext",
          "name": "context",
          "flags": 128
        },
        {
          "type": "Uint64",
          "name": "coverID",
          "flags": 640
        }
      ]
    },
    {
      "fullName": "AIActionTarget::GetDistanceToThreat;Vector4GameObjectFloatBool",
      "shortName": "GetDistanceToThreat",
      "return": {
        "type": "Float",
        "flags": 64
      },
      "flags": 33286,
      "params": [
        {
          "type": "Vector4",
          "name": "ownerPos",
          "flags": 128
        },
        {
          "type": "handle:gameObject",
          "name": "threat",
          "flags": 128
        },
        {
          "type": "Float",
          "name": "zDiff",
          "flags": 640
        },
        {
          "type": "Bool",
          "name": "positionOfRoot",
          "flags": 1152
        }
      ]
    },
    {
      "fullName": "AIActionTarget::GetLegacy;ScriptExecutionContextAIActionTarget_RecordBoolGameObjectVector4Uint64Float",
      "shortName": "GetLegacy",
      "return": {
        "type": "Bool",
        "flags": 64
      },
      "flags": 33286,
      "params": [
        {
          "type": "AIbehaviorScriptExecutionContext",
          "name": "context",
          "flags": 128
        },
        {
          "type": "whandle:gamedataAIActionTarget_Record",
          "name": "record",
          "flags": 128
        },
        {
          "type": "Bool",
          "name": "getSlotPosition",
          "flags": 128
        },
        {
          "type": "whandle:gameObject",
          "name": "obj",
          "flags": 640
        },
        {
          "type": "Vector4",
          "name": "pos",
          "flags": 640
        },
        {
          "type": "Uint64",
          "name": "coverID",
          "flags": 640
        },
        {
          "type": "Float",
          "name": "predictionTime",
          "flags": 1152
        }
      ]
    },
    {
      "fullName": "AIActionTarget::GetNetrunnerProxy;ScriptExecutionContext",
      "shortName": "GetNetrunnerProxy",
      "return": {
        "type": "whandle:gameObject",
        "flags": 64
      },
      "flags": 33286,
      "params": [
        {
          "type": "AIbehaviorScriptExecutionContext",
          "name": "context",
          "flags": 128
        }
      ]
    },
    {
      "fullName": "AIActionTarget::GetObject;ScriptExecutionContextAIActionTarget_RecordGameObject",
      "shortName": "GetObject",
      "return": {
        "type": "Bool",
        "flags": 64
      },
      "flags": 33286,
      "params": [
        {
          "type": "AIbehaviorScriptExecutionContext",
          "name": "context",
          "flags": 128
        },
        {
          "type": "handle:gamedataAIActionTarget_Record",
          "name": "record",
          "flags": 128
        },
        {
          "type": "whandle:gameObject",
          "name": "object",
          "flags": 640
        }
      ]
    },
    {
      "fullName": "AIActionTarget::GetObjectLegacy;ScriptExecutionContextAIActionTarget_RecordGameObject",
      "shortName": "GetObjectLegacy",
      "return": {
        "type": "Bool",
        "flags": 64
      },
      "flags": 33286,
      "params": [
        {
          "type": "AIbehaviorScriptExecutionContext",
          "name": "context",
          "flags": 128
        },
        {
          "type": "handle:gamedataAIActionTarget_Record",
          "name": "record",
          "flags": 128
        },
        {
          "type": "whandle:gameObject",
          "name": "object",
          "flags": 640
        }
      ]
    },
    {
      "fullName": "AIActionTarget::GetPosition;ScriptExecutionContextAIActionTarget_RecordVector4BoolFloat",
      "shortName": "GetPosition",
      "return": {
        "type": "Bool",
        "flags": 64
      },
      "flags": 33286,
      "params": [
        {
          "type": "AIbehaviorScriptExecutionContext",
          "name": "context",
          "flags": 128
        },
        {
          "type": "whandle:gamedataAIActionTarget_Record",
          "name": "record",
          "flags": 128
        },
        {
          "type": "Vector4",
          "name": "position",
          "flags": 640
        },
        {
          "type": "Bool",
          "name": "getSlotPosition",
          "flags": 128
        },
        {
          "type": "Float",
          "name": "predictionTime",
          "flags": 1152
        }
      ]
    },
    {
      "fullName": "AIActionTarget::GetThreatAccessibilityFromCoverModifier;ScriptedPuppetGameObject",
      "shortName": "GetThreatAccessibilityFromCoverModifier",
      "return": {
        "type": "Float",
        "flags": 64
      },
      "flags": 32902,
      "params": [
        {
          "type": "handle:ScriptedPuppet",
          "name": "puppet",
          "flags": 128
        },
        {
          "type": "handle:gameObject",
          "name": "threat",
          "flags": 128
        }
      ]
    },
    {
      "fullName": "AIActionTarget::GetThreatAttackersModifier;TargetTrackerComponentScriptedPuppetGameObject",
      "shortName": "GetThreatAttackersModifier",
      "return": {
        "type": "Float",
        "flags": 64
      },
      "flags": 32902,
      "params": [
        {
          "type": "handle:AITargetTrackerComponent",
          "name": "targetTrackerComponent",
          "flags": 128
        },
        {
          "type": "handle:ScriptedPuppet",
          "name": "puppet",
          "flags": 128
        },
        {
          "type": "handle:gameObject",
          "name": "threat",
          "flags": 128
        }
      ]
    },
    {
      "fullName": "AIActionTarget::GetThreatDamageModifier;TargetTrackerComponentScriptedPuppetGameObjectFloatFloat",
      "shortName": "GetThreatDamageModifier",
      "return": {
        "type": "Float",
        "flags": 64
      },
      "flags": 32902,
      "params": [
        {
          "type": "handle:AITargetTrackerComponent",
          "name": "targetTrackerComponent",
          "flags": 128
        },
        {
          "type": "handle:ScriptedPuppet",
          "name": "puppet",
          "flags": 128
        },
        {
          "type": "handle:gameObject",
          "name": "threat",
          "flags": 128
        },
        {
          "type": "Float",
          "name": "distance",
          "flags": 128
        },
        {
          "type": "Float",
          "name": "currentTime",
          "flags": 128
        }
      ]
    },
    {
      "fullName": "AIActionTarget::GetThreatDistanceModifier;TargetTrackerComponentFloat",
      "shortName": "GetThreatDistanceModifier",
      "return": {
        "type": "Float",
        "flags": 64
      },
      "flags": 33286,
      "params": [
        {
          "type": "handle:AITargetTrackerComponent",
          "name": "targetTrackerComponent",
          "flags": 128
        },
        {
          "type": "Float",
          "name": "distance",
          "flags": 128
        }
      ]
    },
    {
      "fullName": "AIActionTarget::GetThreatHisteresisModifier;TargetTrackerComponentGameObjectGameObjectFloat",
      "shortName": "GetThreatHisteresisModifier",
      "return": {
        "type": "Float",
        "flags": 64
      },
      "flags": 32902,
      "params": [
        {
          "type": "handle:AITargetTrackerComponent",
          "name": "targetTrackerComponent",
          "flags": 128
        },
        {
          "type": "handle:gameObject",
          "name": "threat",
          "flags": 128
        },
        {
          "type": "handle:gameObject",
          "name": "currentTarget",
          "flags": 128
        },
        {
          "type": "Float",
          "name": "timeSinceTargetChange",
          "flags": 128
        }
      ]
    },
    {
      "fullName": "AIActionTarget::GetThreatLastVisibilityModifier;ScriptedPuppetGameObject",
      "shortName": "GetThreatLastVisibilityModifier",
      "return": {
        "type": "Float",
        "flags": 64
      },
      "flags": 32902,
      "params": [
        {
          "type": "handle:ScriptedPuppet",
          "name": "puppet",
          "flags": 128
        },
        {
          "type": "handle:gameObject",
          "name": "threat",
          "flags": 128
        }
      ]
    },
    {
      "fullName": "AIActionTarget::GetThreatZDiffModifier;Float",
      "shortName": "GetThreatZDiffModifier",
      "return": {
        "type": "Float",
        "flags": 64
      },
      "flags": 33286,
      "params": [
        {
          "type": "Float",
          "name": "zDiff",
          "flags": 128
        }
      ]
    },
    {
      "fullName": "AIActionTarget::GetVehicleObject;ScriptExecutionContextAIActionTarget_RecordVehicleObject",
      "shortName": "GetVehicleObject",
      "return": {
        "type": "Bool",
        "flags": 64
      },
      "flags": 33286,
      "params": [
        {
          "type": "AIbehaviorScriptExecutionContext",
          "name": "context",
          "flags": 128
        },
        {
          "type": "whandle:gamedataAIActionTarget_Record",
          "name": "record",
          "flags": 128
        },
        {
          "type": "whandle:vehicleBaseObject",
          "name": "vehicleObject",
          "flags": 640
        }
      ]
    },
    {
      "fullName": "AIActionTarget::HasWeaponInInventory;GameObject",
      "shortName": "HasWeaponInInventory",
      "return": {
        "type": "Bool",
        "flags": 64
      },
      "flags": 32902,
      "params": [
        {
          "type": "whandle:gameObject",
          "name": "owner",
          "flags": 128
        }
      ]
    },
    {
      "fullName": "AIActionTarget::IsThreatCloseOrVisibleByPlayer;Vector4GameObject",
      "shortName": "IsThreatCloseOrVisibleByPlayer",
      "return": {
        "type": "Bool",
        "flags": 64
      },
      "flags": 32902,
      "params": [
        {
          "type": "Vector4",
          "name": "ownerPos",
          "flags": 128
        },
        {
          "type": "handle:gameObject",
          "name": "threat",
          "flags": 128
        }
      ]
    },
    {
      "fullName": "AIActionTarget::MadnessThreatCalculation;ScriptedPuppetVector4TargetTrackerComponentGameObjectGameObjectFloatFloatFloat",
      "shortName": "MadnessThreatCalculation",
      "flags": 32902,
      "params": [
        {
          "type": "whandle:ScriptedPuppet",
          "name": "owner",
          "flags": 128
        },
        {
          "type": "Vector4",
          "name": "ownerPos",
          "flags": 128
        },
        {
          "type": "handle:AITargetTrackerComponent",
          "name": "targetTrackerComponent",
          "flags": 128
        },
        {
          "type": "whandle:gameObject",
          "name": "newTargetObject",
          "flags": 128
        },
        {
          "type": "whandle:gameObject",
          "name": "threat",
          "flags": 128
        },
        {
          "type": "Float",
          "name": "timeSinceTargetChange",
          "flags": 128
        },
        {
          "type": "Float",
          "name": "currentTime",
          "flags": 128
        },
        {
          "type": "Float",
          "name": "threatValue",
          "flags": 640
        }
      ]
    },
    {
      "fullName": "AIActionTarget::RegularThreatCalculation;ScriptedPuppetVector4TargetTrackerComponentGameObjectGameObjectFloatFloatFloat",
      "shortName": "RegularThreatCalculation",
      "flags": 32902,
      "params": [
        {
          "type": "whandle:ScriptedPuppet",
          "name": "owner",
          "flags": 128
        },
        {
          "type": "Vector4",
          "name": "ownerPos",
          "flags": 128
        },
        {
          "type": "handle:AITargetTrackerComponent",
          "name": "targetTrackerComponent",
          "flags": 128
        },
        {
          "type": "whandle:gameObject",
          "name": "newTargetObject",
          "flags": 128
        },
        {
          "type": "whandle:gameObject",
          "name": "threat",
          "flags": 128
        },
        {
          "type": "Float",
          "name": "timeSinceTargetChange",
          "flags": 128
        },
        {
          "type": "Float",
          "name": "currentTime",
          "flags": 128
        },
        {
          "type": "Float",
          "name": "threatValue",
          "flags": 640
        }
      ]
    },
    {
      "fullName": "AIActionTarget::Set;ScriptExecutionContextAIActionTarget_RecordEntityVector4Uint32",
      "shortName": "Set",
      "return": {
        "type": "Bool",
        "flags": 64
      },
      "flags": 33286,
      "params": [
        {
          "type": "AIbehaviorScriptExecutionContext",
          "name": "context",
          "flags": 128
        },
        {
          "type": "handle:gamedataAIActionTarget_Record",
          "name": "record",
          "flags": 128
        },
        {
          "type": "whandle:entEntity",
          "name": "entity",
          "flags": 1152
        },
        {
          "type": "Vector4",
          "name": "pos",
          "flags": 128
        },
        {
          "type": "Uint32",
          "name": "coverID",
          "flags": 1152
        }
      ]
    },
    {
      "fullName": "AIActionTarget::UpdateThreatsValue;NPCPuppetGameObjectFloat",
      "shortName": "UpdateThreatsValue",
      "flags": 33286,
      "params": [
        {
          "type": "handle:NPCPuppet",
          "name": "puppet",
          "flags": 128
        },
        {
          "type": "handle:gameObject",
          "name": "newTargetObject",
          "flags": 128
        },
        {
          "type": "Float",
          "name": "timeSinceTargetChange",
          "flags": 128
        }
      ]
    }
  ]
}
