{
  "parent": "IScriptable",
  "name": "AIActionMovePolicy",
  "flags": 5,
  "funcs": [
    {
      "fullName": "AIActionMovePolicy::Add;ScriptExecutionContextMovementPolicy_RecordMovePolicies",
      "shortName": "Add",
      "flags": 33286,
      "params": [
        {
          "type": "AIbehaviorScriptExecutionContext",
          "name": "context",
          "flags": 128
        },
        {
          "type": "whandle:gamedataMovementPolicy_Record",
          "name": "record",
          "flags": 128
        },
        {
          "type": "handle:movePolicies",
          "name": "policy",
          "flags": 640
        }
      ]
    },
    {
      "fullName": "AIActionMovePolicy::CheckCondition;ScriptExecutionContextAIActionCondition_Record",
      "shortName": "CheckCondition",
      "return": {
        "type": "Bool",
        "flags": 64
      },
      "flags": 32902,
      "params": [
        {
          "type": "AIbehaviorScriptExecutionContext",
          "name": "context",
          "flags": 128
        },
        {
          "type": "handle:gamedataAIActionCondition_Record",
          "name": "condition",
          "flags": 128
        }
      ]
    },
    {
      "fullName": "AIActionMovePolicy::GetTargetPositionProvider;ScriptedPuppetGameObjectgamedataTrackingMode",
      "shortName": "GetTargetPositionProvider",
      "return": {
        "type": "handle:entIPositionProvider",
        "flags": 64
      },
      "flags": 33286,
      "params": [
        {
          "type": "handle:ScriptedPuppet",
          "name": "owner",
          "flags": 128
        },
        {
          "type": "whandle:gameObject",
          "name": "target",
          "flags": 128
        },
        {
          "type": "gamedataTrackingMode",
          "name": "trackingMode",
          "flags": 128
        }
      ]
    },
    {
      "fullName": "AIActionMovePolicy::Pop;ScriptExecutionContextMovePolicies",
      "shortName": "Pop",
      "flags": 33286,
      "params": [
        {
          "type": "AIbehaviorScriptExecutionContext",
          "name": "context",
          "flags": 128
        },
        {
          "type": "handle:movePolicies",
          "name": "policy",
          "flags": 640
        }
      ]
    }
  ]
}
