{
  "parent": "AIbehaviorconditionScript",
  "name": "AIAggressiveReactionPresetCondition",
  "flags": 4,
  "funcs": [
    {
      "fullName": "Activate;ScriptExecutionContext",
      "shortName": "Activate",
      "flags": 33024,
      "params": [
        {
          "type": "AIbehaviorScriptExecutionContext",
          "name": "context",
          "flags": 128
        }
      ]
    },
    {
      "fullName": "Check;ScriptExecutionContext",
      "shortName": "Check",
      "return": {
        "type": "AIbehaviorConditionOutcomes",
        "flags": 64
      },
      "flags": 33024,
      "params": [
        {
          "type": "AIbehaviorScriptExecutionContext",
          "name": "context",
          "flags": 128
        }
      ]
    }
  ]
}
