{
  "parent": "questScriptedAICommandParams",
  "name": "AIAimAtTargetCommandParams",
  "flags": 4,
  "props": [
    {
      "type": "NodeRef",
      "name": "targetOverrideNodeRef",
      "flags": 4297326629
    },
    {
      "type": "gameEntityReference",
      "name": "targetOverridePuppetRef",
      "flags": 4297326629
    },
    {
      "type": "Float",
      "name": "duration",
      "flags": 4297326629
    }
  ],
  "funcs": [
    {
      "fullName": "CreateCommand;",
      "shortName": "CreateCommand",
      "return": {
        "type": "handle:AICommand",
        "flags": 64
      },
      "flags": 33280
    },
    {
      "fullName": "GetCommandName;",
      "shortName": "GetCommandName",
      "return": {
        "type": "String",
        "flags": 64
      },
      "flags": 33284
    }
  ]
}
