{
  "parent": "redEvent",
  "name": "AIAIEvent",
  "flags": 2,
  "props": [
    {
      "type": "CName",
      "name": "name",
      "flags": 6627016705
    },
    {
      "type": "Float",
      "name": "timeToLive",
      "flags": 6627016705
    }
  ],
  "funcs": [
    {
      "fullName": "GetTimeToLive",
      "shortName": "GetTimeToLive",
      "return": {
        "type": "Float",
        "flags": 64
      },
      "index": 11486,
      "flags": 8193
    },
    {
      "fullName": "HasTag",
      "shortName": "HasTag",
      "return": {
        "type": "Bool",
        "flags": 64
      },
      "index": 11485,
      "flags": 8193,
      "params": [
        {
          "type": "CName",
          "name": "tag",
          "flags": 128
        }
      ]
    }
  ]
}
