{
  "parent": "AIBlackboardDef",
  "name": "AIAlertedPatrolDef",
  "flags": 4,
  "props": [
    {
      "type": "gamebbScriptID_Variant",
      "name": "patrolPathOverride",
      "flags": 4297326624
    },
    {
      "type": "gamebbScriptID_Bool",
      "name": "sprint",
      "flags": 4297326624
    },
    {
      "type": "gamebbScriptID_Variant",
      "name": "selectedPath",
      "flags": 4297326624
    },
    {
      "type": "gamebbScriptID_Vector4",
      "name": "closestPathPoint",
      "flags": 4297326624
    },
    {
      "type": "gamebbScriptID_Variant",
      "name": "workspotData",
      "flags": 4297326624
    },
    {
      "type": "gamebbScriptID_Vector4",
      "name": "workspotEntryPosition",
      "flags": 4297326624
    },
    {
      "type": "gamebbScriptID_Vector4",
      "name": "workspotExitPosition",
      "flags": 4297326624
    },
    {
      "type": "gamebbScriptID_Variant",
      "name": "patrolAction",
      "flags": 4297326624
    },
    {
      "type": "gamebbScriptID_Bool",
      "name": "forceAlerted",
      "flags": 4297326624
    },
    {
      "type": "gamebbScriptID_Bool",
      "name": "patrolInProgress",
      "flags": 4297326624
    }
  ]
}
