{
  "parent": "AIbehaviorScriptBehaviorDelegate",
  "name": "AIAlertedStateDelegate",
  "flags": 4,
  "props": [
    {
      "type": "Vector4",
      "name": "attackInstigatorPosition",
      "flags": 4297326624
    }
  ],
  "funcs": [
    {
      "fullName": "DoLowerWeapon;ScriptExecutionContext",
      "shortName": "DoLowerWeapon",
      "return": {
        "type": "Bool",
        "flags": 64
      },
      "flags": 33284,
      "params": [
        {
          "type": "AIbehaviorScriptExecutionContext",
          "name": "context",
          "flags": 128
        }
      ]
    },
    {
      "fullName": "DoSetExplosionInstigatorPositionAsStimSource;ScriptExecutionContext",
      "shortName": "DoSetExplosionInstigatorPositionAsStimSource",
      "return": {
        "type": "Bool",
        "flags": 64
      },
      "flags": 33284,
      "params": [
        {
          "type": "AIbehaviorScriptExecutionContext",
          "name": "context",
          "flags": 128
        }
      ]
    },
    {
      "fullName": "DoSetRandomAimPointLeft;ScriptExecutionContext",
      "shortName": "DoSetRandomAimPointLeft",
      "return": {
        "type": "Bool",
        "flags": 64
      },
      "flags": 33284,
      "params": [
        {
          "type": "AIbehaviorScriptExecutionContext",
          "name": "context",
          "flags": 128
        }
      ]
    },
    {
      "fullName": "DoSetRandomAimPointRight;ScriptExecutionContext",
      "shortName": "DoSetRandomAimPointRight",
      "return": {
        "type": "Bool",
        "flags": 64
      },
      "flags": 33284,
      "params": [
        {
          "type": "AIbehaviorScriptExecutionContext",
          "name": "context",
          "flags": 128
        }
      ]
    },
    {
      "fullName": "GetPositionAroundInstigator;ScriptExecutionContextFloatFloatFloat",
      "shortName": "GetPositionAroundInstigator",
      "return": {
        "type": "Vector4",
        "flags": 64
      },
      "flags": 32900,
      "params": [
        {
          "type": "AIbehaviorScriptExecutionContext",
          "name": "context",
          "flags": 128
        },
        {
          "type": "Float",
          "name": "xOffset",
          "flags": 128
        },
        {
          "type": "Float",
          "name": "yOffset",
          "flags": 128
        },
        {
          "type": "Float",
          "name": "zOffset",
          "flags": 128
        }
      ]
    }
  ]
}
