{
  "parent": "AIbehaviortaskScript",
  "name": "AIAnimationTask",
  "flags": 4,
  "props": [
    {
      "type": "TweakDBID",
      "name": "record",
      "flags": 4297195553
    },
    {
      "type": "handle:AIArgumentMapping",
      "name": "animVariation",
      "flags": 4431413285
    },
    {
      "type": "whandle:gamedataAIAction_Record",
      "name": "actionRecord",
      "flags": 4297195552
    },
    {
      "type": "String",
      "name": "actionDebugName",
      "flags": 4297195552
    },
    {
      "type": "Int32",
      "name": "animVariationValue",
      "flags": 4297195552
    },
    {
      "type": "whandle:gamedataAIActionPhase_Record",
      "name": "phaseRecord",
      "flags": 4297195552
    },
    {
      "type": "EAIActionPhase",
      "name": "actionPhase",
      "flags": 4297195552
    },
    {
      "type": "Float",
      "name": "phaseActivationTime",
      "flags": 4297195552
    },
    {
      "type": "Float",
      "name": "phaseDuration",
      "flags": 4297195552
    }
  ],
  "funcs": [
    {
      "fullName": "Activate;ScriptExecutionContext",
      "shortName": "Activate",
      "flags": 33024,
      "params": [
        {
          "type": "AIbehaviorScriptExecutionContext",
          "name": "context",
          "flags": 128
        }
      ]
    },
    {
      "fullName": "Deactivate;ScriptExecutionContext",
      "shortName": "Deactivate",
      "flags": 33024,
      "params": [
        {
          "type": "AIbehaviorScriptExecutionContext",
          "name": "context",
          "flags": 128
        }
      ]
    },
    {
      "fullName": "GetDescription;ScriptExecutionContext",
      "shortName": "GetDescription",
      "return": {
        "type": "String",
        "flags": 64
      },
      "flags": 33280,
      "params": [
        {
          "type": "AIbehaviorScriptExecutionContext",
          "name": "context",
          "flags": 128
        }
      ]
    },
    {
      "fullName": "GetPhaseDuration;",
      "shortName": "GetPhaseDuration",
      "return": {
        "type": "Float",
        "flags": 64
      },
      "flags": 32900
    },
    {
      "fullName": "SendAnimData;ScriptExecutionContextAIActionAnimData_Record",
      "shortName": "SendAnimData",
      "flags": 32900,
      "params": [
        {
          "type": "AIbehaviorScriptExecutionContext",
          "name": "context",
          "flags": 128
        },
        {
          "type": "handle:gamedataAIActionAnimData_Record",
          "name": "animData",
          "flags": 128
        }
      ]
    },
    {
      "fullName": "StartPhase;ScriptExecutionContextEAIActionPhase",
      "shortName": "StartPhase",
      "flags": 32900,
      "params": [
        {
          "type": "AIbehaviorScriptExecutionContext",
          "name": "context",
          "flags": 128
        },
        {
          "type": "EAIActionPhase",
          "name": "newPhase",
          "flags": 128
        }
      ]
    },
    {
      "fullName": "Update;ScriptExecutionContext",
      "shortName": "Update",
      "return": {
        "type": "AIbehaviorUpdateOutcome",
        "flags": 64
      },
      "flags": 33024,
      "params": [
        {
          "type": "AIbehaviorScriptExecutionContext",
          "name": "context",
          "flags": 128
        }
      ]
    }
  ]
}
