{
  "parent": "AIMoveCommand",
  "name": "AIAnimMoveOnSplineCommand",
  "flags": 2,
  "props": [
    {
      "type": "NodeRef",
      "name": "spline",
      "flags": 6895452161
    },
    {
      "type": "Bool",
      "name": "useStart",
      "flags": 6895452160
    },
    {
      "type": "Bool",
      "name": "useStop",
      "flags": 6895452160
    },
    {
      "type": "CName",
      "name": "controllerSetupName",
      "flags": 6895452160
    },
    {
      "type": "Float",
      "name": "blendTime",
      "flags": 6895452160
    },
    {
      "type": "Float",
      "name": "globalInBlendTime",
      "flags": 6895452160
    },
    {
      "type": "Float",
      "name": "globalOutBlendTime",
      "flags": 6895452160
    },
    {
      "type": "Bool",
      "name": "turnCharacterToMatchVelocity",
      "flags": 6895452160
    },
    {
      "type": "CName",
      "name": "customStartAnimationName",
      "flags": 6895452160
    },
    {
      "type": "CName",
      "name": "customMainAnimationName",
      "flags": 6895452160
    },
    {
      "type": "CName",
      "name": "customStopAnimationName",
      "flags": 6895452160
    },
    {
      "type": "Bool",
      "name": "startSnapToTerrain",
      "flags": 6895452160
    },
    {
      "type": "Bool",
      "name": "mainSnapToTerrain",
      "flags": 6895452160
    },
    {
      "type": "Bool",
      "name": "stopSnapToTerrain",
      "flags": 6895452160
    },
    {
      "type": "Float",
      "name": "startSnapToTerrainBlendTime",
      "flags": 6895452160
    },
    {
      "type": "Float",
      "name": "stopSnapToTerrainBlendTime",
      "flags": 6895452160
    }
  ]
}
