{
  "parent": "IScriptable",
  "name": "AIArgumentMapping",
  "flags": 66,
  "props": [
    {
      "type": "AIArgumentType",
      "name": "type",
      "flags": 6627016705
    },
    {
      "type": "AIParameterizationType",
      "name": "parameterizationType",
      "flags": 6627016705
    },
    {
      "type": "Variant",
      "name": "defaultValue",
      "flags": 6627016704
    },
    {
      "type": "handle:AIArgumentMapping",
      "name": "prefixValue",
      "flags": 6627016704
    },
    {
      "type": "CName",
      "name": "customTypeName",
      "flags": 6627016704
    }
  ],
  "funcs": [
    {
      "fullName": "GetArgumentName",
      "shortName": "GetArgumentName",
      "return": {
        "type": "CName",
        "flags": 64
      },
      "index": 11529,
      "flags": 1
    },
    {
      "fullName": "GetArgumentType",
      "shortName": "GetArgumentType",
      "return": {
        "type": "AIArgumentType",
        "flags": 64
      },
      "index": 11527,
      "flags": 1
    },
    {
      "fullName": "GetParameterizationType",
      "shortName": "GetParameterizationType",
      "return": {
        "type": "AIParameterizationType",
        "flags": 64
      },
      "index": 11528,
      "flags": 1
    }
  ]
}
