{
  "parent": "questScriptedAICommandParams",
  "name": "AIAssignRoleCommandParams",
  "flags": 4,
  "props": [
    {
      "type": "handle:AIRole",
      "name": "role",
      "flags": 4431544357
    }
  ],
  "funcs": [
    {
      "fullName": "CreateCommand;",
      "shortName": "CreateCommand",
      "return": {
        "type": "handle:AICommand",
        "flags": 64
      },
      "flags": 34304
    },
    {
      "fullName": "GetCommandName;",
      "shortName": "GetCommandName",
      "return": {
        "type": "String",
        "flags": 64
      },
      "flags": 34308
    }
  ]
}
