{
  "parent": "AIbehaviortaskScript",
  "name": "AIAssignRoleTask",
  "flags": 4,
  "props": [
    {
      "type": "handle:AIArgumentMapping",
      "name": "inCommand",
      "flags": 4431544357
    }
  ],
  "funcs": [
    {
      "fullName": "Update;ScriptExecutionContext",
      "shortName": "Update",
      "return": {
        "type": "AIbehaviorUpdateOutcome",
        "flags": 64
      },
      "flags": 34048,
      "params": [
        {
          "type": "AIbehaviorScriptExecutionContext",
          "name": "context",
          "flags": 128
        }
      ]
    }
  ]
}
