{
  "parent": "AIbehaviorconditionScript",
  "name": "AIAutonomousConditions",
  "flags": 5,
  "funcs": [
    {
      "fullName": "AIAutonomousConditions::AlertedCondition;ScriptExecutionContext",
      "shortName": "AlertedCondition",
      "return": {
        "type": "Bool",
        "flags": 64
      },
      "flags": 33286,
      "params": [
        {
          "type": "AIbehaviorScriptExecutionContext",
          "name": "context",
          "flags": 128
        }
      ]
    },
    {
      "fullName": "AIAutonomousConditions::CombatCondition;ScriptExecutionContext",
      "shortName": "CombatCondition",
      "return": {
        "type": "Bool",
        "flags": 64
      },
      "flags": 33286,
      "params": [
        {
          "type": "AIbehaviorScriptExecutionContext",
          "name": "context",
          "flags": 128
        }
      ]
    },
    {
      "fullName": "AIAutonomousConditions::CrowdCombatConditions;ScriptExecutionContext",
      "shortName": "CrowdCombatConditions",
      "return": {
        "type": "Bool",
        "flags": 64
      },
      "flags": 33286,
      "params": [
        {
          "type": "AIbehaviorScriptExecutionContext",
          "name": "context",
          "flags": 128
        }
      ]
    },
    {
      "fullName": "AIAutonomousConditions::HasCombatAICommand;ScriptExecutionContext",
      "shortName": "HasCombatAICommand",
      "return": {
        "type": "Bool",
        "flags": 64
      },
      "flags": 33286,
      "params": [
        {
          "type": "AIbehaviorScriptExecutionContext",
          "name": "context",
          "flags": 128
        }
      ]
    },
    {
      "fullName": "AIAutonomousConditions::HasHostileThreats;ScriptExecutionContextBool",
      "shortName": "HasHostileThreats",
      "return": {
        "type": "Bool",
        "flags": 64
      },
      "flags": 33286,
      "params": [
        {
          "type": "AIbehaviorScriptExecutionContext",
          "name": "context",
          "flags": 128
        },
        {
          "type": "Bool",
          "name": "onlyEntities",
          "flags": 1152
        }
      ]
    },
    {
      "fullName": "AIAutonomousConditions::HasWeaponInInventory;ScriptExecutionContext",
      "shortName": "HasWeaponInInventory",
      "return": {
        "type": "Bool",
        "flags": 64
      },
      "flags": 33286,
      "params": [
        {
          "type": "AIbehaviorScriptExecutionContext",
          "name": "context",
          "flags": 128
        }
      ]
    },
    {
      "fullName": "AIAutonomousConditions::IsPlayerInCombat;ScriptExecutionContext",
      "shortName": "IsPlayerInCombat",
      "return": {
        "type": "Bool",
        "flags": 64
      },
      "flags": 33286,
      "params": [
        {
          "type": "AIbehaviorScriptExecutionContext",
          "name": "context",
          "flags": 128
        }
      ]
    },
    {
      "fullName": "AIAutonomousConditions::IsPlayerRecentlyDroppedThreat;GameObject",
      "shortName": "IsPlayerRecentlyDroppedThreat",
      "return": {
        "type": "Bool",
        "flags": 64
      },
      "flags": 33286,
      "params": [
        {
          "type": "whandle:gameObject",
          "name": "owner",
          "flags": 128
        }
      ]
    },
    {
      "fullName": "AIAutonomousConditions::NoWeaponCombatConditions;ScriptExecutionContext",
      "shortName": "NoWeaponCombatConditions",
      "return": {
        "type": "Bool",
        "flags": 64
      },
      "flags": 33286,
      "params": [
        {
          "type": "AIbehaviorScriptExecutionContext",
          "name": "context",
          "flags": 128
        }
      ]
    },
    {
      "fullName": "AIAutonomousConditions::SchedulePassiveConditionEvaluation;ScriptedPuppetFloat",
      "shortName": "SchedulePassiveConditionEvaluation",
      "flags": 33286,
      "params": [
        {
          "type": "whandle:ScriptedPuppet",
          "name": "puppet",
          "flags": 128
        },
        {
          "type": "Float",
          "name": "delay",
          "flags": 128
        }
      ]
    },
    {
      "fullName": "AIAutonomousConditions::WaitForAnimationToFinish;ScriptExecutionContext",
      "shortName": "WaitForAnimationToFinish",
      "return": {
        "type": "Bool",
        "flags": 64
      },
      "flags": 33286,
      "params": [
        {
          "type": "AIbehaviorScriptExecutionContext",
          "name": "context",
          "flags": 128
        }
      ]
    },
    {
      "fullName": "HasUnknownThreats;ScriptExecutionContext",
      "shortName": "HasUnknownThreats",
      "return": {
        "type": "Bool",
        "flags": 64
      },
      "flags": 33028,
      "params": [
        {
          "type": "AIbehaviorScriptExecutionContext",
          "name": "context",
          "flags": 128
        }
      ]
    }
  ]
}
