{
  "parent": "AIbehaviorScriptBehaviorDelegate",
  "name": "AIBackgroundCombatDelegate",
  "flags": 4,
  "props": [
    {
      "type": "handle:AIBackgroundCombatCommand",
      "name": "command",
      "flags": 4431347744
    },
    {
      "type": "Bool",
      "name": "execute",
      "flags": 4297130016
    },
    {
      "type": "array:AIBackgroundCombatStep",
      "name": "steps",
      "flags": 6583025696
    },
    {
      "type": "Int32",
      "name": "currentStep",
      "flags": 4297130016
    },
    {
      "type": "NodeRef",
      "name": "desiredCover",
      "flags": 4297130016
    },
    {
      "type": "AICoverExposureMethod",
      "name": "desiredCoverExposureMethod",
      "flags": 4297130016
    },
    {
      "type": "NodeRef",
      "name": "desiredDestination",
      "flags": 4297130016
    },
    {
      "type": "Bool",
      "name": "hasDesiredTarget",
      "flags": 4297130016
    },
    {
      "type": "gameEntityReference",
      "name": "desiredTarget",
      "flags": 4297130016
    },
    {
      "type": "Uint64",
      "name": "desiredCoverId",
      "flags": 4297130016
    },
    {
      "type": "Uint64",
      "name": "currentCoverId",
      "flags": 4297130016
    },
    {
      "type": "whandle:gameObject",
      "name": "currentTarget",
      "flags": 4297130016
    },
    {
      "type": "Bool",
      "name": "canFireFromCover",
      "flags": 4297130016
    },
    {
      "type": "Bool",
      "name": "canFireOutOfCover",
      "flags": 4297130016
    }
  ],
  "funcs": [
    {
      "fullName": "DoAllowCoverChange;ScriptExecutionContext",
      "shortName": "DoAllowCoverChange",
      "return": {
        "type": "Bool",
        "flags": 64
      },
      "flags": 33284,
      "params": [
        {
          "type": "AIbehaviorScriptExecutionContext",
          "name": "context",
          "flags": 128
        }
      ]
    },
    {
      "fullName": "DoCompleteCoverChange;",
      "shortName": "DoCompleteCoverChange",
      "return": {
        "type": "Bool",
        "flags": 64
      },
      "flags": 33284
    },
    {
      "fullName": "DoCompleteTargetChange;ScriptExecutionContext",
      "shortName": "DoCompleteTargetChange",
      "return": {
        "type": "Bool",
        "flags": 64
      },
      "flags": 33284,
      "params": [
        {
          "type": "AIbehaviorScriptExecutionContext",
          "name": "context",
          "flags": 128
        }
      ]
    },
    {
      "fullName": "DoDisableShootingFromCover;ScriptExecutionContext",
      "shortName": "DoDisableShootingFromCover",
      "return": {
        "type": "Bool",
        "flags": 64
      },
      "flags": 33284,
      "params": [
        {
          "type": "AIbehaviorScriptExecutionContext",
          "name": "context",
          "flags": 128
        }
      ]
    },
    {
      "fullName": "DoEnableShootingFromCover;ScriptExecutionContext",
      "shortName": "DoEnableShootingFromCover",
      "return": {
        "type": "Bool",
        "flags": 64
      },
      "flags": 33284,
      "params": [
        {
          "type": "AIbehaviorScriptExecutionContext",
          "name": "context",
          "flags": 128
        }
      ]
    },
    {
      "fullName": "DoEndCommand;ScriptExecutionContext",
      "shortName": "DoEndCommand",
      "return": {
        "type": "Bool",
        "flags": 64
      },
      "flags": 33284,
      "params": [
        {
          "type": "AIbehaviorScriptExecutionContext",
          "name": "context",
          "flags": 128
        }
      ]
    },
    {
      "fullName": "DoExecuteCurrentStep;ScriptExecutionContext",
      "shortName": "DoExecuteCurrentStep",
      "return": {
        "type": "Bool",
        "flags": 64
      },
      "flags": 33284,
      "params": [
        {
          "type": "AIbehaviorScriptExecutionContext",
          "name": "context",
          "flags": 128
        }
      ]
    },
    {
      "fullName": "DoStartCommand;ScriptExecutionContext",
      "shortName": "DoStartCommand",
      "return": {
        "type": "Bool",
        "flags": 64
      },
      "flags": 33284,
      "params": [
        {
          "type": "AIbehaviorScriptExecutionContext",
          "name": "context",
          "flags": 128
        }
      ]
    },
    {
      "fullName": "DoStartCoverChange;",
      "shortName": "DoStartCoverChange",
      "return": {
        "type": "Bool",
        "flags": 64
      },
      "flags": 33284
    },
    {
      "fullName": "DoStartNextStep;ScriptExecutionContext",
      "shortName": "DoStartNextStep",
      "return": {
        "type": "Bool",
        "flags": 64
      },
      "flags": 33284,
      "params": [
        {
          "type": "AIbehaviorScriptExecutionContext",
          "name": "context",
          "flags": 128
        }
      ]
    },
    {
      "fullName": "SetDesiredCover;ScriptExecutionContextNodeRefAICoverExposureMethod",
      "shortName": "SetDesiredCover",
      "flags": 32900,
      "params": [
        {
          "type": "AIbehaviorScriptExecutionContext",
          "name": "context",
          "flags": 128
        },
        {
          "type": "NodeRef",
          "name": "cover",
          "flags": 128
        },
        {
          "type": "AICoverExposureMethod",
          "name": "exposureMethod",
          "flags": 128
        }
      ]
    },
    {
      "fullName": "SetDesiredDestination;ScriptExecutionContextNodeRef",
      "shortName": "SetDesiredDestination",
      "flags": 32900,
      "params": [
        {
          "type": "AIbehaviorScriptExecutionContext",
          "name": "context",
          "flags": 128
        },
        {
          "type": "NodeRef",
          "name": "destination",
          "flags": 128
        }
      ]
    },
    {
      "fullName": "SetDesiredTarget;ScriptExecutionContextEntityReference",
      "shortName": "SetDesiredTarget",
      "flags": 32900,
      "params": [
        {
          "type": "AIbehaviorScriptExecutionContext",
          "name": "context",
          "flags": 128
        },
        {
          "type": "gameEntityReference",
          "name": "target",
          "flags": 128
        }
      ]
    },
    {
      "fullName": "SetExecute;ScriptExecutionContextBool",
      "shortName": "SetExecute",
      "flags": 32900,
      "params": [
        {
          "type": "AIbehaviorScriptExecutionContext",
          "name": "context",
          "flags": 128
        },
        {
          "type": "Bool",
          "name": "value",
          "flags": 128
        }
      ]
    }
  ]
}
