{
  "name": "AIBackgroundCombatStep",
  "flags": 8,
  "props": [
    {
      "type": "Float",
      "name": "timeMin",
      "flags": 4295229473
    },
    {
      "type": "Float",
      "name": "timeMax",
      "flags": 4295229473
    },
    {
      "type": "EAIBackgroundCombatStep",
      "name": "type",
      "flags": 4295229473
    },
    {
      "type": "gameEntityReference",
      "name": "argument",
      "flags": 4295229473
    },
    {
      "type": "AICoverExposureMethod",
      "name": "exposureMethod",
      "flags": 4295229473
    }
  ]
}
