{
  "parent": "questScriptedAICommandParams",
  "name": "AIBackgroundCombatCommandParams",
  "flags": 4,
  "props": [
    {
      "type": "array:AIBackgroundCombatStep",
      "name": "steps",
      "flags": 6583222309
    }
  ],
  "funcs": [
    {
      "fullName": "CreateCommand;",
      "shortName": "CreateCommand",
      "return": {
        "type": "handle:AICommand",
        "flags": 64
      },
      "flags": 33280
    },
    {
      "fullName": "GetCommandName;",
      "shortName": "GetCommandName",
      "return": {
        "type": "String",
        "flags": 64
      },
      "flags": 33284
    }
  ]
}
