{
  "parent": "AICommand",
  "name": "AIBaseUseWorkspotCommand",
  "flags": 3,
  "props": [
    {
      "type": "Bool",
      "name": "moveToWorkspot",
      "flags": 6895452161
    },
    {
      "type": "CName",
      "name": "forceEntryAnimName",
      "flags": 6895452161
    },
    {
      "type": "array:workWorkEntryId",
      "name": "workExcludedGestures",
      "flags": 6895452161
    },
    {
      "type": "workWorkEntryId",
      "name": "infiniteSequenceEntryId",
      "flags": 6895452161
    },
    {
      "type": "Bool",
      "name": "idleOnlyMode",
      "flags": 6895452161
    },
    {
      "type": "Bool",
      "name": "continueInCombat",
      "flags": 6895452161
    },
    {
      "type": "moveMovementType",
      "name": "movementType",
      "flags": 4297326625
    }
  ]
}
