{
  "parent": "AIbehaviorTaskDefinition",
  "name": "AIbehaviorRestoreSavedPatrolProgressTaskDefinition",
  "flags": 2,
  "props": [
    {
      "type": "handle:AIArgumentMapping",
      "name": "path",
      "group": "Inputs",
      "flags": 6627016709
    },
    {
      "type": "handle:AIArgumentMapping",
      "name": "savedState",
      "group": "Inputs",
      "flags": 6627016709
    },
    {
      "type": "handle:AIArgumentMapping",
      "name": "patrolProgress",
      "group": "Inputs",
      "flags": 6627016709
    },
    {
      "type": "handle:AIArgumentMapping",
      "name": "destinationPosition",
      "group": "Outputs",
      "flags": 6627016709
    },
    {
      "type": "handle:AIArgumentMapping",
      "name": "destinationTangent",
      "group": "Outputs",
      "flags": 6627016709
    }
  ]
}
