{
  "parent": "AIbehaviorDriveTreeNodeDefinition",
  "name": "AIbehaviorDriveToPointTreeNodeDefinition",
  "flags": 2,
  "props": [
    {
      "type": "handle:AIArgumentMapping",
      "name": "targetPosition",
      "flags": 6627016709
    },
    {
      "type": "handle:AIArgumentMapping",
      "name": "secureTimeOut",
      "flags": 6627016709
    },
    {
      "type": "handle:AIArgumentMapping",
      "name": "useTraffic",
      "flags": 6627016709
    },
    {
      "type": "handle:AIArgumentMapping",
      "name": "speedInTraffic",
      "flags": 6627016709
    },
    {
      "type": "handle:AIArgumentMapping",
      "name": "forceGreenLights",
      "flags": 6627016709
    },
    {
      "type": "handle:AIArgumentMapping",
      "name": "portals",
      "flags": 6627016709
    },
    {
      "type": "handle:AIArgumentMapping",
      "name": "trafficTryNeighborsForStart",
      "flags": 6627016709
    },
    {
      "type": "handle:AIArgumentMapping",
      "name": "trafficTryNeighborsForEnd",
      "flags": 6627016709
    }
  ]
}
