{
  "parent": "AIbehaviorDriveTreeNodeDefinition",
  "name": "AIbehaviorDriveToNodeTreeNodeDefinition",
  "flags": 2,
  "props": [
    {
      "type": "handle:AIArgumentMapping",
      "name": "useKinematic",
      "flags": 6627016709
    },
    {
      "type": "handle:AIArgumentMapping",
      "name": "needDriver",
      "flags": 6627016709
    },
    {
      "type": "handle:AIArgumentMapping",
      "name": "nodeRef",
      "flags": 6627016709
    },
    {
      "type": "handle:AIArgumentMapping",
      "name": "stopAtPathEnd",
      "flags": 6627016709
    },
    {
      "type": "handle:AIArgumentMapping",
      "name": "secureTimeOut",
      "flags": 6627016709
    },
    {
      "type": "handle:AIArgumentMapping",
      "name": "isPlayer",
      "flags": 6627016709
    },
    {
      "type": "handle:AIArgumentMapping",
      "name": "useTraffic",
      "flags": 6627016709
    },
    {
      "type": "handle:AIArgumentMapping",
      "name": "speedInTraffic",
      "flags": 6627016709
    },
    {
      "type": "handle:AIArgumentMapping",
      "name": "forceGreenLights",
      "flags": 6627016709
    },
    {
      "type": "handle:AIArgumentMapping",
      "name": "portals",
      "flags": 6627016709
    },
    {
      "type": "handle:AIArgumentMapping",
      "name": "trafficTryNeighborsForStart",
      "flags": 6627016709
    },
    {
      "type": "handle:AIArgumentMapping",
      "name": "trafficTryNeighborsForEnd",
      "flags": 6627016709
    },
    {
      "type": "handle:AIArgumentMapping",
      "name": "ignoreNoAIDrivingLanes",
      "flags": 6627016709
    }
  ]
}
