{
  "parent": "AIbehaviorConditionDefinition",
  "name": "AIbehaviorMountRequestConditionDefinition",
  "flags": 2,
  "props": [
    {
      "type": "Bool",
      "name": "testMountRequest",
      "flags": 6627016705
    },
    {
      "type": "Bool",
      "name": "testUnmountRequest",
      "flags": 6627016705
    },
    {
      "type": "Bool",
      "name": "acceptInstant",
      "flags": 6627016705
    },
    {
      "type": "Bool",
      "name": "acceptNotInstant",
      "flags": 6627016705
    }
  ]
}
