{
  "parent": "AIbehaviorTaskDefinition",
  "name": "AIbehaviorSendSignalTaskDefinition",
  "flags": 2,
  "props": [
    {
      "type": "CName",
      "name": "signalName",
      "flags": 6627016705
    },
    {
      "type": "gameBoolSignalAction",
      "name": "startAction",
      "flags": 6627016705
    },
    {
      "type": "handle:gameSignalUserDataDefinition",
      "name": "startActionUserData",
      "flags": 6627016709
    },
    {
      "type": "gameBoolSignalAction",
      "name": "endAction",
      "flags": 6627016705
    },
    {
      "type": "handle:gameSignalUserDataDefinition",
      "name": "endActionUserData",
      "flags": 6627016709
    }
  ]
}
