{
  "parent": "AIbehaviorDecoratorNodeDefinition",
  "name": "AIbehaviorTrackPatrolProgressNodeDefinition",
  "flags": 2,
  "props": [
    {
      "type": "handle:AIArgumentMapping",
      "name": "pathParameters",
      "flags": 6627016709
    },
    {
      "type": "handle:AIArgumentMapping",
      "name": "patrolProgress",
      "flags": 6627016709
    },
    {
      "type": "handle:AIArgumentMapping",
      "name": "startFromClosestPoint",
      "flags": 6627016709
    },
    {
      "type": "handle:AIArgumentMapping",
      "name": "patrolContinuationPolicy",
      "flags": 6627016709
    },
    {
      "type": "handle:AIArgumentMapping",
      "name": "teleportPositionAfterTimeSkipping",
      "flags": 6627016709
    },
    {
      "type": "handle:AIArgumentMapping",
      "name": "teleportRotationAfterTimeSkipping",
      "flags": 6627016709
    },
    {
      "type": "handle:AIArgumentMapping",
      "name": "handleTeleportRequest",
      "flags": 6627016709
    },
    {
      "type": "handle:AIArgumentMapping",
      "name": "fastForwardAfterTeleport",
      "flags": 6627016709
    }
  ]
}
