{
  "parent": "AIbehaviorActionTreeNodeDefinition",
  "name": "AIbehaviorActionDynamicMoveTreeNodeDefinition",
  "flags": 2,
  "props": [
    {
      "type": "handle:AIArgumentMapping",
      "name": "moveType",
      "flags": 6627016709
    },
    {
      "type": "handle:AIArgumentMapping",
      "name": "target",
      "flags": 6627016709
    },
    {
      "type": "handle:AIArgumentMapping",
      "name": "targetPosition",
      "flags": 6627016709
    },
    {
      "type": "handle:AIArgumentMapping",
      "name": "toleranceRadius",
      "flags": 6627016709
    },
    {
      "type": "handle:AIArgumentMapping",
      "name": "desiredDistanceFromTarget",
      "flags": 6627016709
    },
    {
      "type": "handle:AIArgumentMapping",
      "name": "strafingTarget",
      "flags": 6627016709
    },
    {
      "type": "handle:AIArgumentMapping",
      "name": "stopWhenDestinationReached",
      "flags": 6627016709
    },
    {
      "type": "handle:AIArgumentMapping",
      "name": "rotateEntity",
      "flags": 6627016709
    },
    {
      "type": "handle:AIArgumentMapping",
      "name": "ignoreNavigation",
      "flags": 6627016709
    }
  ]
}
