{
  "parent": "AIbehaviorConditionDefinition",
  "name": "AIbehaviorInstantJoinTrafficConditionDefinition",
  "flags": 2,
  "props": [
    {
      "type": "handle:AIArgumentMapping",
      "name": "joinTrafficSettings",
      "flags": 6627016709
    },
    {
      "type": "handle:AIArgumentMapping",
      "name": "closestPointOnPath",
      "flags": 6627016709
    },
    {
      "type": "handle:AIArgumentMapping",
      "name": "pathDirection",
      "flags": 6627016709
    },
    {
      "type": "handle:AIArgumentMapping",
      "name": "runOnTraffic",
      "flags": 6627016709
    }
  ]
}
