{
  "parent": "AIbehaviorActionTreeNodeDefinition",
  "name": "AIbehaviorActionUseCommunityWorkspotNodeDefinition",
  "flags": 2,
  "props": [
    {
      "type": "handle:AIArgumentMapping",
      "name": "workspotData",
      "flags": 6627016709
    },
    {
      "type": "handle:AIArgumentMapping",
      "name": "dependentWorkspotData",
      "flags": 6627016709
    },
    {
      "type": "handle:AIArgumentMapping",
      "name": "playExitAutomatically",
      "flags": 6627016709
    },
    {
      "type": "handle:AIArgumentMapping",
      "name": "fastForwardAfterTeleport",
      "flags": 6627016709
    }
  ]
}
