{
  "parent": "AIbehaviorDecoratorNodeDefinition",
  "name": "AIbehaviorPrepareReservedCrowdWorkspotNodeDefinition",
  "flags": 2,
  "props": [
    {
      "type": "handle:AIArgumentMapping",
      "name": "workspotData",
      "flags": 6627016709
    },
    {
      "type": "handle:AIArgumentMapping",
      "name": "returnPosition",
      "flags": 6627016709
    },
    {
      "type": "handle:AIArgumentMapping",
      "name": "returnPositionVector",
      "flags": 6627016709
    },
    {
      "type": "handle:AIArgumentMapping",
      "name": "workspotExitTangent",
      "flags": 6627016709
    },
    {
      "type": "handle:AIArgumentMapping",
      "name": "joinTrafficSettings",
      "flags": 6627016709
    },
    {
      "type": "handle:AIArgumentMapping",
      "name": "overrideExit",
      "flags": 6627016709
    }
  ]
}
