{
  "parent": "AIbehaviorBehaviorComponentDefinition",
  "name": "AIbehaviorFSMTransitionDefinition",
  "flags": 2,
  "props": [
    {
      "type": "Uint16",
      "name": "inState",
      "flags": 6627016704
    },
    {
      "type": "Uint16",
      "name": "outState",
      "flags": 6627016704
    },
    {
      "type": "Int32",
      "name": "evaluationOrder",
      "flags": 6627016705
    },
    {
      "type": "array:handle:AIbehaviorInstantConditionDefinition",
      "name": "instantConditions",
      "flags": 6631211013
    },
    {
      "type": "array:handle:AIbehaviorMonitorConditionDefinition",
      "name": "monitorConditions",
      "flags": 6631211013
    },
    {
      "type": "array:handle:AIbehaviorEventConditionDefinition",
      "name": "eventConditions",
      "flags": 6631211013
    },
    {
      "type": "array:handle:AIbehaviorExpressionSocket",
      "name": "passiveConditions",
      "flags": 6631211013
    }
  ]
}
