{
  "parent": "AIbehaviorDriveTreeNodeDefinition",
  "name": "AIbehaviorDriveAvSimpleTreeNodeDefinition",
  "flags": 2,
  "props": [
    {
      "type": "handle:AIArgumentMapping",
      "name": "timeToTravel",
      "flags": 6627016709
    },
    {
      "type": "handle:AIArgumentMapping",
      "name": "distanceToTravel",
      "flags": 6627016709
    },
    {
      "type": "handle:AIArgumentMapping",
      "name": "useEaseInFunction",
      "flags": 6627016709
    },
    {
      "type": "handle:AIArgumentMapping",
      "name": "useEaseOutFunction",
      "flags": 6627016709
    },
    {
      "type": "handle:AIArgumentMapping",
      "name": "movementDirection",
      "flags": 6627016709
    },
    {
      "type": "handle:AIArgumentMapping",
      "name": "useForwardDirection",
      "flags": 6627016709
    },
    {
      "type": "handle:AIArgumentMapping",
      "name": "easeBounceMultiplier",
      "flags": 6627016709
    },
    {
      "type": "handle:AIArgumentMapping",
      "name": "despawnAtTheEnd",
      "flags": 6627016709
    },
    {
      "type": "handle:AIArgumentMapping",
      "name": "disableVFXs",
      "flags": 6627016709
    },
    {
      "type": "handle:AIArgumentMapping",
      "name": "facePlayer",
      "flags": 6627016709
    },
    {
      "type": "handle:AIArgumentMapping",
      "name": "doLandingRotation",
      "flags": 6627016709
    },
    {
      "type": "handle:AIArgumentMapping",
      "name": "interruptTaskOnLandingFound",
      "flags": 6627016709
    },
    {
      "type": "handle:AIArgumentMapping",
      "name": "attemptToSendEarlyDismountCommand",
      "flags": 6627016709
    }
  ]
}
