{
  "parent": "AIbehaviorActionTreeNodeDefinition",
  "name": "AIbehaviorActionMoveToSmartObjectNodeDefinition",
  "flags": 2,
  "props": [
    {
      "type": "handle:AIArgumentMapping",
      "name": "smartObjectId",
      "flags": 6627016709
    },
    {
      "type": "handle:AIArgumentMapping",
      "name": "lookAtTarget",
      "flags": 6627016709
    },
    {
      "type": "handle:AIArgumentMapping",
      "name": "movementType",
      "flags": 6627016709
    },
    {
      "type": "handle:AIArgumentMapping",
      "name": "tolerance",
      "flags": 6627016709
    },
    {
      "type": "handle:AIArgumentMapping",
      "name": "ignoreNavigation",
      "flags": 6627016709
    },
    {
      "type": "handle:AIArgumentMapping",
      "name": "rotateEntity",
      "flags": 6627016709
    },
    {
      "type": "handle:AIArgumentMapping",
      "name": "useStart",
      "flags": 6627016709
    },
    {
      "type": "handle:AIArgumentMapping",
      "name": "useStop",
      "flags": 6627016709
    },
    {
      "type": "handle:AIArgumentMapping",
      "name": "forcedEntryAnimation",
      "flags": 6627016709
    }
  ]
}
