{
  "parent": "AIbehaviorDecoratorNodeDefinition",
  "name": "AIbehaviorCommandHandlerNodeDefinition",
  "flags": 2,
  "props": [
    {
      "type": "CName",
      "name": "commandName",
      "flags": 6627016705
    },
    {
      "type": "Bool",
      "name": "useInheritance",
      "flags": 6627016705
    },
    {
      "type": "array:AICommandContextsType",
      "name": "contexts",
      "flags": 6631211013
    },
    {
      "type": "handle:AIArgumentMapping",
      "name": "commandOut",
      "flags": 6627016709
    },
    {
      "type": "CName",
      "name": "runningSignal",
      "flags": 6627016705
    },
    {
      "type": "Bool",
      "name": "waitForCommand",
      "flags": 6627016705
    },
    {
      "type": "Bool",
      "name": "retryIfCommandEnqueued",
      "flags": 6627016705
    },
    {
      "type": "AIbehaviorCompletionStatus",
      "name": "resultIfNoCommand",
      "flags": 6627016705
    },
    {
      "type": "AIbehaviorCompletionStatus",
      "name": "resultIfChildFailed",
      "flags": 6627016705
    }
  ]
}
