{
  "parent": "IScriptable",
  "name": "AIbehaviorScriptBase",
  "flags": 2,
  "funcs": [
    {
      "fullName": "AIbehaviorScriptBase::GetAIComponent;ScriptExecutionContext",
      "shortName": "GetAIComponent",
      "return": {
        "type": "handle:AIHumanComponent",
        "flags": 64
      },
      "flags": 33286,
      "params": [
        {
          "type": "AIbehaviorScriptExecutionContext",
          "name": "context",
          "flags": 128
        }
      ]
    },
    {
      "fullName": "AIbehaviorScriptBase::GetCombatTarget;ScriptExecutionContext",
      "shortName": "GetCombatTarget",
      "return": {
        "type": "handle:gameObject",
        "flags": 64
      },
      "flags": 33286,
      "params": [
        {
          "type": "AIbehaviorScriptExecutionContext",
          "name": "context",
          "flags": 128
        }
      ]
    },
    {
      "fullName": "AIbehaviorScriptBase::GetCompanion;ScriptExecutionContext",
      "shortName": "GetCompanion",
      "return": {
        "type": "handle:gameObject",
        "flags": 64
      },
      "flags": 33286,
      "params": [
        {
          "type": "AIbehaviorScriptExecutionContext",
          "name": "context",
          "flags": 128
        }
      ]
    },
    {
      "fullName": "AIbehaviorScriptBase::GetGame;ScriptExecutionContext",
      "shortName": "GetGame",
      "return": {
        "type": "ScriptGameInstance",
        "flags": 64
      },
      "flags": 33286,
      "params": [
        {
          "type": "AIbehaviorScriptExecutionContext",
          "name": "context",
          "flags": 128
        }
      ]
    },
    {
      "fullName": "AIbehaviorScriptBase::GetHitReactionComponent;ScriptExecutionContext",
      "shortName": "GetHitReactionComponent",
      "return": {
        "type": "handle:HitReactionComponent",
        "flags": 64
      },
      "flags": 33286,
      "params": [
        {
          "type": "AIbehaviorScriptExecutionContext",
          "name": "context",
          "flags": 128
        }
      ]
    },
    {
      "fullName": "AIbehaviorScriptBase::GetNPCPuppet;ScriptExecutionContext",
      "shortName": "GetNPCPuppet",
      "return": {
        "type": "handle:NPCPuppet",
        "flags": 64
      },
      "flags": 33286,
      "params": [
        {
          "type": "AIbehaviorScriptExecutionContext",
          "name": "context",
          "flags": 128
        }
      ]
    },
    {
      "fullName": "AIbehaviorScriptBase::GetPuppet;ScriptExecutionContext",
      "shortName": "GetPuppet",
      "return": {
        "type": "handle:ScriptedPuppet",
        "flags": 64
      },
      "flags": 33286,
      "params": [
        {
          "type": "AIbehaviorScriptExecutionContext",
          "name": "context",
          "flags": 128
        }
      ]
    },
    {
      "fullName": "AIbehaviorScriptBase::GetStatPoolPercentage;ScriptExecutionContextgamedataStatPoolType",
      "shortName": "GetStatPoolPercentage",
      "return": {
        "type": "Float",
        "flags": 64
      },
      "flags": 33286,
      "params": [
        {
          "type": "AIbehaviorScriptExecutionContext",
          "name": "context",
          "flags": 128
        },
        {
          "type": "gamedataStatPoolType",
          "name": "statPoolType",
          "flags": 128
        }
      ]
    },
    {
      "fullName": "AIbehaviorScriptBase::GetStatPoolValue;ScriptExecutionContextgamedataStatPoolType",
      "shortName": "GetStatPoolValue",
      "return": {
        "type": "Float",
        "flags": 64
      },
      "flags": 33286,
      "params": [
        {
          "type": "AIbehaviorScriptExecutionContext",
          "name": "context",
          "flags": 128
        },
        {
          "type": "gamedataStatPoolType",
          "name": "statPoolType",
          "flags": 128
        }
      ]
    },
    {
      "fullName": "AIbehaviorScriptBase::GetUpperBodyState;ScriptExecutionContext",
      "shortName": "GetUpperBodyState",
      "return": {
        "type": "gamedataNPCUpperBodyState",
        "flags": 64
      },
      "flags": 33286,
      "params": [
        {
          "type": "AIbehaviorScriptExecutionContext",
          "name": "context",
          "flags": 128
        }
      ]
    },
    {
      "fullName": "AIbehaviorScriptBase::RandomizeOffsetForUpdateInterval;Float",
      "shortName": "RandomizeOffsetForUpdateInterval",
      "return": {
        "type": "Float",
        "flags": 64
      },
      "flags": 33286,
      "params": [
        {
          "type": "Float",
          "name": "interval",
          "flags": 128
        }
      ]
    },
    {
      "fullName": "GetDescription;ScriptExecutionContext",
      "shortName": "GetDescription",
      "return": {
        "type": "String",
        "flags": 64
      },
      "flags": 33280,
      "params": [
        {
          "type": "AIbehaviorScriptExecutionContext",
          "name": "context",
          "flags": 128
        }
      ]
    }
  ]
}
