{
  "parent": "AIbehaviorDriveTreeNodeDefinition",
  "name": "AIbehaviorDriveFollowTargetTreeNodeDefinition",
  "flags": 2,
  "props": [
    {
      "type": "handle:AIArgumentMapping",
      "name": "useKinematic",
      "flags": 6627016709
    },
    {
      "type": "handle:AIArgumentMapping",
      "name": "needDriver",
      "flags": 6627016709
    },
    {
      "type": "handle:AIArgumentMapping",
      "name": "target",
      "flags": 6627016709
    },
    {
      "type": "handle:AIArgumentMapping",
      "name": "secureTimeOut",
      "flags": 6627016709
    },
    {
      "type": "handle:AIArgumentMapping",
      "name": "distanceMin",
      "flags": 6627016709
    },
    {
      "type": "handle:AIArgumentMapping",
      "name": "distanceMax",
      "flags": 6627016709
    },
    {
      "type": "handle:AIArgumentMapping",
      "name": "isPlayer",
      "flags": 6627016709
    },
    {
      "type": "handle:AIArgumentMapping",
      "name": "stopHasReachedTarget",
      "flags": 6627016709
    },
    {
      "type": "handle:AIArgumentMapping",
      "name": "useTraffic",
      "flags": 6627016709
    },
    {
      "type": "handle:AIArgumentMapping",
      "name": "allowStubMovement",
      "flags": 6627016709
    }
  ]
}
