{
  "parent": "AIbehaviorScriptBase",
  "name": "AIbehaviorconditionScript",
  "flags": 2,
  "funcs": [
    {
      "fullName": "ListenToSignal",
      "shortName": "ListenToSignal",
      "return": {
        "type": "Uint16",
        "flags": 64
      },
      "index": 14098,
      "flags": 1,
      "params": [
        {
          "type": "AIbehaviorScriptExecutionContext",
          "name": "context",
          "flags": 128
        },
        {
          "type": "CName",
          "name": "signalName",
          "flags": 128
        }
      ]
    },
    {
      "fullName": "SetUpdateInterval",
      "shortName": "SetUpdateInterval",
      "return": {
        "type": "Bool",
        "flags": 64
      },
      "index": 14100,
      "flags": 1,
      "params": [
        {
          "type": "AIbehaviorScriptExecutionContext",
          "name": "context",
          "flags": 128
        },
        {
          "type": "Float",
          "name": "interval",
          "flags": 128
        }
      ]
    },
    {
      "fullName": "StopListeningToSignal",
      "shortName": "StopListeningToSignal",
      "index": 14099,
      "flags": 1,
      "params": [
        {
          "type": "AIbehaviorScriptExecutionContext",
          "name": "context",
          "flags": 128
        },
        {
          "type": "CName",
          "name": "signalName",
          "flags": 128
        },
        {
          "type": "Uint16",
          "name": "callbackId",
          "flags": 128
        }
      ]
    },
    {
      "fullName": "Activate;ScriptExecutionContext",
      "shortName": "Activate",
      "flags": 34048,
      "params": [
        {
          "type": "AIbehaviorScriptExecutionContext",
          "name": "context",
          "flags": 128
        }
      ]
    },
    {
      "fullName": "Check;ScriptExecutionContext",
      "shortName": "Check",
      "return": {
        "type": "AIbehaviorConditionOutcomes",
        "flags": 64
      },
      "flags": 33024,
      "params": [
        {
          "type": "AIbehaviorScriptExecutionContext",
          "name": "context",
          "flags": 128
        }
      ]
    },
    {
      "fullName": "CheckOnEvent;ScriptExecutionContextAIEvent",
      "shortName": "CheckOnEvent",
      "return": {
        "type": "AIbehaviorConditionOutcomes",
        "flags": 64
      },
      "flags": 33024,
      "params": [
        {
          "type": "AIbehaviorScriptExecutionContext",
          "name": "context",
          "flags": 128
        },
        {
          "type": "handle:AIAIEvent",
          "name": "behaviorEvent",
          "flags": 128
        }
      ]
    },
    {
      "fullName": "Deactivate;ScriptExecutionContext",
      "shortName": "Deactivate",
      "flags": 34048,
      "params": [
        {
          "type": "AIbehaviorScriptExecutionContext",
          "name": "context",
          "flags": 128
        }
      ]
    }
  ]
}
