{
  "parent": "AIbehaviorTaskDefinition",
  "name": "AIbehaviorExtractMountDataTaskDefinition",
  "flags": 2,
  "props": [
    {
      "type": "handle:AIArgumentMapping",
      "name": "mountEventData",
      "flags": 6627016709
    },
    {
      "type": "handle:AIArgumentMapping",
      "name": "outWorkspotData",
      "flags": 6627016709
    },
    {
      "type": "handle:AIArgumentMapping",
      "name": "outIsInstant",
      "flags": 6627016709
    },
    {
      "type": "handle:AIArgumentMapping",
      "name": "outAllowFailsafeTeleport",
      "flags": 6627016709
    }
  ]
}
