{
  "parent": "AIbehaviorTaskDefinition",
  "name": "AIbehaviorSavePatrolProgressTaskDefinition",
  "flags": 2,
  "props": [
    {
      "type": "handle:AIArgumentMapping",
      "name": "patrolProgress",
      "group": "Inputs",
      "flags": 6627016709
    },
    {
      "type": "Bool",
      "name": "saveOnDeactivation",
      "group": "Inputs",
      "flags": 6627016709
    },
    {
      "type": "handle:AIArgumentMapping",
      "name": "savedState",
      "group": "Outputs",
      "flags": 6627016709
    }
  ]
}
