{
  "parent": "AIbehaviorActionTreeNodeDefinition",
  "name": "AIbehaviorActionSlideNodeDefinition",
  "flags": 3,
  "props": [
    {
      "type": "handle:AIArgumentMapping",
      "name": "duration",
      "flags": 6627016709
    },
    {
      "type": "handle:AIArgumentMapping",
      "name": "ignoreNavigation",
      "flags": 6627016709
    },
    {
      "type": "handle:AIArgumentMapping",
      "name": "rotateTowardsMovementDirection",
      "flags": 6627016709
    }
  ]
}
