{
  "parent": "AIbehaviorTaskDefinition",
  "name": "AIbehaviorMovementPolicyTaskDefinition",
  "flags": 2,
  "props": [
    {
      "type": "Bool",
      "name": "useCurrentPolicy",
      "flags": 6627016705
    },
    {
      "type": "Bool",
      "name": "waitForPolicy",
      "flags": 6627016705
    },
    {
      "type": "handle:AIArgumentMapping",
      "name": "stopWhenDestinationReached",
      "flags": 6459244549
    },
    {
      "type": "array:handle:AIbehaviorMovementPolicyTaskItemDefinition",
      "name": "policies",
      "flags": 6631211013
    }
  ]
}
