{
  "parent": "AIbehaviorexpressionScript",
  "name": "AIBehaviorCallbackExpression",
  "flags": 4,
  "props": [
    {
      "type": "CName",
      "name": "callbackName",
      "flags": 4297195553
    },
    {
      "type": "Bool",
      "name": "initialValue",
      "flags": 4297195553
    },
    {
      "type": "ECallbackExpressionActions",
      "name": "callbackAction",
      "flags": 4297195553
    },
    {
      "type": "Uint32",
      "name": "callbackId",
      "flags": 4297195552
    },
    {
      "type": "Bool",
      "name": "value",
      "flags": 4297195552
    }
  ],
  "funcs": [
    {
      "fullName": "Activate;ScriptExecutionContext",
      "shortName": "Activate",
      "flags": 33028,
      "params": [
        {
          "type": "AIbehaviorScriptExecutionContext",
          "name": "context",
          "flags": 128
        }
      ]
    },
    {
      "fullName": "CalculateValue;ScriptExecutionContext",
      "shortName": "CalculateValue",
      "return": {
        "type": "Variant",
        "flags": 64
      },
      "flags": 33028,
      "params": [
        {
          "type": "AIbehaviorScriptExecutionContext",
          "name": "context",
          "flags": 128
        }
      ]
    },
    {
      "fullName": "Deactivate;ScriptExecutionContext",
      "shortName": "Deactivate",
      "flags": 33028,
      "params": [
        {
          "type": "AIbehaviorScriptExecutionContext",
          "name": "context",
          "flags": 128
        }
      ]
    },
    {
      "fullName": "OnBehaviorCallback;CNameScriptExecutionContext",
      "shortName": "OnBehaviorCallback",
      "return": {
        "type": "Bool",
        "flags": 64
      },
      "flags": 33024,
      "params": [
        {
          "type": "CName",
          "name": "cbName",
          "flags": 128
        },
        {
          "type": "AIbehaviorScriptExecutionContext",
          "name": "context",
          "flags": 128
        }
      ]
    }
  ]
}
