{
  "parent": "AIbehaviorTaskDefinition",
  "name": "AIbehaviorFindClosestPointOnTrafficPathTaskDefinition",
  "flags": 2,
  "props": [
    {
      "type": "handle:AIArgumentMapping",
      "name": "enterClosest",
      "group": "Inputs",
      "flags": 6627016709
    },
    {
      "type": "handle:AIArgumentMapping",
      "name": "avoidedPosition",
      "group": "Inputs",
      "flags": 6627016709
    },
    {
      "type": "handle:AIArgumentMapping",
      "name": "useThreatPosAsAvoidedPos",
      "group": "Inputs",
      "flags": 6627016709
    },
    {
      "type": "handle:AIArgumentMapping",
      "name": "avoidedPositionDistance",
      "group": "Inputs",
      "flags": 6627016709
    },
    {
      "type": "handle:AIArgumentMapping",
      "name": "usePreviousPosition",
      "group": "Inputs",
      "flags": 6627016709
    },
    {
      "type": "handle:AIArgumentMapping",
      "name": "checkRoadIntersection",
      "group": "Inputs",
      "flags": 6627016709
    },
    {
      "type": "handle:AIArgumentMapping",
      "name": "workspotData",
      "group": "Inputs",
      "flags": 6627016709
    },
    {
      "type": "handle:AIArgumentMapping",
      "name": "positionOnPath",
      "group": "Outputs",
      "flags": 6627016709
    },
    {
      "type": "handle:AIArgumentMapping",
      "name": "pathDirection",
      "group": "Outputs",
      "flags": 6627016709
    },
    {
      "type": "handle:AIArgumentMapping",
      "name": "joinTrafficSettings",
      "group": "Outputs",
      "flags": 6627016709
    }
  ]
}
