{
  "parent": "AIbehaviorActionItemHandlingNodeDefinition",
  "name": "AIbehaviorActionEquipItemNodeDefinition",
  "flags": 2,
  "props": [
    {
      "type": "handle:AIArgumentMapping",
      "name": "slotId",
      "flags": 6627016709
    },
    {
      "type": "handle:AIArgumentMapping",
      "name": "itemId",
      "flags": 6627016709
    },
    {
      "type": "handle:AIArgumentMapping",
      "name": "duration",
      "flags": 6627016709
    },
    {
      "type": "handle:AIArgumentMapping",
      "name": "failIfItemNotFound",
      "flags": 6627016709
    },
    {
      "type": "handle:AIArgumentMapping",
      "name": "spawnDelay",
      "flags": 6627016709
    }
  ]
}
