{
  "parent": "AIbehaviorDriveTreeNodeDefinition",
  "name": "AIbehaviorDriveFollowSplineTreeNodeDefinition",
  "flags": 2,
  "props": [
    {
      "type": "handle:AIArgumentMapping",
      "name": "useKinematic",
      "flags": 6627016709
    },
    {
      "type": "handle:AIArgumentMapping",
      "name": "needDriver",
      "flags": 6627016709
    },
    {
      "type": "handle:AIArgumentMapping",
      "name": "spline",
      "flags": 6627016709
    },
    {
      "type": "handle:AIArgumentMapping",
      "name": "secureTimeOut",
      "flags": 6627016709
    },
    {
      "type": "handle:AIArgumentMapping",
      "name": "backwards",
      "flags": 6627016709
    },
    {
      "type": "handle:AIArgumentMapping",
      "name": "reverse",
      "flags": 6627016709
    },
    {
      "type": "handle:AIArgumentMapping",
      "name": "closest",
      "flags": 6627016709
    },
    {
      "type": "handle:AIArgumentMapping",
      "name": "forcedStartSpeed",
      "flags": 6627016709
    },
    {
      "type": "handle:AIArgumentMapping",
      "name": "stopAtPathEnd",
      "flags": 6627016709
    },
    {
      "type": "handle:AIArgumentMapping",
      "name": "keepDistanceParamBool",
      "flags": 6627016709
    },
    {
      "type": "handle:AIArgumentMapping",
      "name": "keepDistanceParamCompanion",
      "flags": 6627016709
    },
    {
      "type": "handle:AIArgumentMapping",
      "name": "keepDistanceParamDistance",
      "flags": 6627016709
    },
    {
      "type": "handle:AIArgumentMapping",
      "name": "rubberBandingBool",
      "flags": 6627016709
    },
    {
      "type": "handle:AIArgumentMapping",
      "name": "rubberBandingTargetRef",
      "flags": 6627016709
    },
    {
      "type": "handle:AIArgumentMapping",
      "name": "rubberBandingMinDistance",
      "flags": 6627016709
    },
    {
      "type": "handle:AIArgumentMapping",
      "name": "rubberBandingMaxDistance",
      "flags": 6627016709
    },
    {
      "type": "handle:AIArgumentMapping",
      "name": "rubberBandingStopAndWait",
      "flags": 6627016709
    },
    {
      "type": "handle:AIArgumentMapping",
      "name": "rubberBandingTeleportToCatchUp",
      "flags": 6627016709
    },
    {
      "type": "handle:AIArgumentMapping",
      "name": "audioCurvesParam",
      "flags": 6627016709
    }
  ]
}
