{
  "parent": "AIbehaviorDecoratorNodeDefinition",
  "name": "AIbehaviorSelectWorkspotNodeDefinition",
  "flags": 2,
  "props": [
    {
      "type": "handle:AIArgumentMapping",
      "name": "spotInstance",
      "flags": 6627016709
    },
    {
      "type": "handle:AIArgumentMapping",
      "name": "workspotData",
      "flags": 6627016709
    },
    {
      "type": "handle:AIArgumentMapping",
      "name": "dependentWorkspotData",
      "flags": 6627016709
    },
    {
      "type": "Bool",
      "name": "repeatChild",
      "flags": 6627016705
    },
    {
      "type": "handle:AIArgumentMapping",
      "name": "fastForwardAfterTeleport",
      "flags": 6627016709
    }
  ]
}
