{
  "parent": "AIbehaviorTreeNodeDefinition",
  "name": "AIbehaviorFSMTreeNodeDefinition",
  "flags": 2,
  "props": [
    {
      "type": "array:handle:AIbehaviorFSMStateDefinition",
      "name": "states",
      "flags": 6627016704
    },
    {
      "type": "array:handle:AIbehaviorFSMTransitionDefinition",
      "name": "transitions",
      "flags": 6627016704
    },
    {
      "type": "handle:AIbehaviorFSMStateDefinition",
      "name": "initialState",
      "flags": 6627016704
    }
  ]
}
