{
  "parent": "AIbehaviorConditionDefinition",
  "name": "AIbehaviorCommandConditionDefinition",
  "flags": 2,
  "props": [
    {
      "type": "handle:AIArgumentMapping",
      "name": "commandName",
      "flags": 6627016709
    },
    {
      "type": "Bool",
      "name": "useInheritance",
      "flags": 6627016705
    },
    {
      "type": "Bool",
      "name": "isWaiting",
      "flags": 6627016705
    },
    {
      "type": "Bool",
      "name": "isExecuting",
      "flags": 6627016705
    },
    {
      "type": "handle:AIArgumentMapping",
      "name": "commandOut",
      "flags": 6627016709
    }
  ]
}
