{
  "parent": "AIbehaviorActionTreeNodeDefinition",
  "name": "AIbehaviorActionRotateBaseTreeNodeDefinition",
  "flags": 3,
  "props": [
    {
      "type": "handle:AIArgumentMapping",
      "name": "target",
      "flags": 6627016709
    },
    {
      "type": "handle:AIArgumentMapping",
      "name": "angleOffset",
      "flags": 6627016709
    },
    {
      "type": "handle:AIArgumentMapping",
      "name": "angleTolerance",
      "flags": 6627016709
    },
    {
      "type": "handle:AIArgumentMapping",
      "name": "speed",
      "flags": 6627016709
    }
  ]
}
