{
  "parent": "AIbehaviorActionTreeNodeDefinition",
  "name": "AIbehaviorActionUseWorkspotNodeDefinition",
  "flags": 2,
  "props": [
    {
      "type": "handle:AIArgumentMapping",
      "name": "eventData",
      "flags": 6627016709
    },
    {
      "type": "handle:AIArgumentMapping",
      "name": "playStartAnimationAfterwards",
      "flags": 6627016709
    },
    {
      "type": "handle:AIArgumentMapping",
      "name": "mountData",
      "flags": 6627016709
    },
    {
      "type": "handle:AIArgumentMapping",
      "name": "dependentWorkspotData",
      "flags": 6627016709
    },
    {
      "type": "handle:AIArgumentMapping",
      "name": "playExitAutomatically",
      "flags": 6627016709
    },
    {
      "type": "handle:AIArgumentMapping",
      "name": "markUninterruptable",
      "flags": 6627016709
    },
    {
      "type": "handle:AIArgumentMapping",
      "name": "fastForwardAfterTeleport",
      "flags": 6627016709
    }
  ]
}
