{
  "parent": "AIbehaviorDriveTreeNodeDefinition",
  "name": "AIbehaviorDriveAutodriveTreeNodeDefinition",
  "flags": 2,
  "props": [
    {
      "type": "handle:AIArgumentMapping",
      "name": "laneFindRange",
      "flags": 6627016709
    },
    {
      "type": "handle:AIArgumentMapping",
      "name": "minimumDistanceToTarget",
      "flags": 6627016709
    },
    {
      "type": "handle:AIArgumentMapping",
      "name": "minimumDistanceToTargetVertical",
      "flags": 6627016709
    }
  ]
}
