{
  "name": "AIbehaviorScriptExecutionContext",
  "flags": 66,
  "funcs": [
    {
      "fullName": "AddBehaviorCallback",
      "shortName": "AddBehaviorCallback",
      "return": {
        "type": "Uint32",
        "flags": 64
      },
      "index": 14091,
      "flags": 3,
      "params": [
        {
          "type": "AIbehaviorScriptExecutionContext",
          "name": "context",
          "flags": 128
        },
        {
          "type": "CName",
          "name": "cbName",
          "flags": 128
        },
        {
          "type": "handle:IScriptable",
          "name": "callback",
          "flags": 128
        }
      ]
    },
    {
      "fullName": "CreateActionID",
      "shortName": "CreateActionID",
      "return": {
        "type": "TweakDBID",
        "flags": 64
      },
      "index": 14087,
      "flags": 3,
      "params": [
        {
          "type": "AIbehaviorScriptExecutionContext",
          "name": "context",
          "flags": 128
        },
        {
          "type": "String",
          "name": "actionStringName",
          "flags": 128
        },
        {
          "type": "AIactionParamsPackageTypes",
          "name": "actionPackageType",
          "flags": 128
        }
      ]
    },
    {
      "fullName": "CreateActionParamID",
      "shortName": "CreateActionParamID",
      "return": {
        "type": "TweakDBID",
        "flags": 64
      },
      "index": 14088,
      "flags": 3,
      "params": [
        {
          "type": "AIbehaviorScriptExecutionContext",
          "name": "context",
          "flags": 128
        },
        {
          "type": "String",
          "name": "actionStringName",
          "flags": 128
        },
        {
          "type": "String",
          "name": "paramName",
          "flags": 128
        }
      ]
    },
    {
      "fullName": "DebugLog",
      "shortName": "DebugLog",
      "index": 14096,
      "flags": 3,
      "params": [
        {
          "type": "AIbehaviorScriptExecutionContext",
          "name": "context",
          "flags": 128
        },
        {
          "type": "CName",
          "name": "category",
          "flags": 128
        },
        {
          "type": "String",
          "name": "message",
          "flags": 128
        }
      ]
    },
    {
      "fullName": "GetAITime",
      "shortName": "GetAITime",
      "return": {
        "type": "EngineTime",
        "flags": 64
      },
      "index": 14059,
      "flags": 3,
      "params": [
        {
          "type": "AIbehaviorScriptExecutionContext",
          "name": "context",
          "flags": 128
        }
      ]
    },
    {
      "fullName": "GetAITimeLastFrame",
      "shortName": "GetAITimeLastFrame",
      "return": {
        "type": "EngineTime",
        "flags": 64
      },
      "index": 14058,
      "flags": 3,
      "params": [
        {
          "type": "AIbehaviorScriptExecutionContext",
          "name": "context",
          "flags": 128
        }
      ]
    },
    {
      "fullName": "GetArgumentBool",
      "shortName": "GetArgumentBool",
      "return": {
        "type": "Bool",
        "flags": 64
      },
      "index": 14060,
      "flags": 3,
      "params": [
        {
          "type": "AIbehaviorScriptExecutionContext",
          "name": "context",
          "flags": 128
        },
        {
          "type": "CName",
          "name": "entry",
          "flags": 128
        }
      ]
    },
    {
      "fullName": "GetArgumentFloat",
      "shortName": "GetArgumentFloat",
      "return": {
        "type": "Float",
        "flags": 64
      },
      "index": 14066,
      "flags": 3,
      "params": [
        {
          "type": "AIbehaviorScriptExecutionContext",
          "name": "context",
          "flags": 128
        },
        {
          "type": "CName",
          "name": "entry",
          "flags": 128
        }
      ]
    },
    {
      "fullName": "GetArgumentGlobalNodeId",
      "shortName": "GetArgumentGlobalNodeId",
      "return": {
        "type": "worldGlobalNodeID",
        "flags": 64
      },
      "index": 14078,
      "flags": 3,
      "params": [
        {
          "type": "AIbehaviorScriptExecutionContext",
          "name": "context",
          "flags": 128
        },
        {
          "type": "CName",
          "name": "entry",
          "flags": 128
        }
      ]
    },
    {
      "fullName": "GetArgumentInt",
      "shortName": "GetArgumentInt",
      "return": {
        "type": "Int32",
        "flags": 64
      },
      "index": 14062,
      "flags": 3,
      "params": [
        {
          "type": "AIbehaviorScriptExecutionContext",
          "name": "context",
          "flags": 128
        },
        {
          "type": "CName",
          "name": "entry",
          "flags": 128
        }
      ]
    },
    {
      "fullName": "GetArgumentName",
      "shortName": "GetArgumentName",
      "return": {
        "type": "CName",
        "flags": 64
      },
      "index": 14068,
      "flags": 3,
      "params": [
        {
          "type": "AIbehaviorScriptExecutionContext",
          "name": "context",
          "flags": 128
        },
        {
          "type": "CName",
          "name": "entry",
          "flags": 128
        }
      ]
    },
    {
      "fullName": "GetArgumentNodeRef",
      "shortName": "GetArgumentNodeRef",
      "return": {
        "type": "NodeRef",
        "flags": 64
      },
      "index": 14076,
      "flags": 3,
      "params": [
        {
          "type": "AIbehaviorScriptExecutionContext",
          "name": "context",
          "flags": 128
        },
        {
          "type": "CName",
          "name": "entry",
          "flags": 128
        }
      ]
    },
    {
      "fullName": "GetArgumentObject",
      "shortName": "GetArgumentObject",
      "return": {
        "type": "whandle:gameObject",
        "flags": 64
      },
      "index": 14072,
      "flags": 3,
      "params": [
        {
          "type": "AIbehaviorScriptExecutionContext",
          "name": "context",
          "flags": 128
        },
        {
          "type": "CName",
          "name": "entry",
          "flags": 128
        }
      ]
    },
    {
      "fullName": "GetArgumentScriptable",
      "shortName": "GetArgumentScriptable",
      "return": {
        "type": "whandle:IScriptable",
        "flags": 64
      },
      "index": 14074,
      "flags": 3,
      "params": [
        {
          "type": "AIbehaviorScriptExecutionContext",
          "name": "context",
          "flags": 128
        },
        {
          "type": "CName",
          "name": "entry",
          "flags": 128
        }
      ]
    },
    {
      "fullName": "GetArgumentUint64",
      "shortName": "GetArgumentUint64",
      "return": {
        "type": "Uint64",
        "flags": 64
      },
      "index": 14064,
      "flags": 3,
      "params": [
        {
          "type": "AIbehaviorScriptExecutionContext",
          "name": "context",
          "flags": 128
        },
        {
          "type": "CName",
          "name": "entry",
          "flags": 128
        }
      ]
    },
    {
      "fullName": "GetArgumentVector",
      "shortName": "GetArgumentVector",
      "return": {
        "type": "Vector4",
        "flags": 64
      },
      "index": 14070,
      "flags": 3,
      "params": [
        {
          "type": "AIbehaviorScriptExecutionContext",
          "name": "context",
          "flags": 128
        },
        {
          "type": "CName",
          "name": "entry",
          "flags": 128
        }
      ]
    },
    {
      "fullName": "GetClosestDelegate",
      "shortName": "GetClosestDelegate",
      "return": {
        "type": "handle:AIbehaviorBehaviorDelegate",
        "flags": 64
      },
      "index": 14086,
      "flags": 3,
      "params": [
        {
          "type": "AIbehaviorScriptExecutionContext",
          "name": "context",
          "flags": 128
        }
      ]
    },
    {
      "fullName": "GetDelegate",
      "shortName": "GetDelegate",
      "return": {
        "type": "handle:AIbehaviorBehaviorDelegate",
        "flags": 64
      },
      "index": 14085,
      "flags": 3,
      "params": [
        {
          "type": "AIbehaviorScriptExecutionContext",
          "name": "context",
          "flags": 128
        }
      ]
    },
    {
      "fullName": "GetLOD",
      "shortName": "GetLOD",
      "return": {
        "type": "Int32",
        "flags": 64
      },
      "index": 14094,
      "flags": 3,
      "params": [
        {
          "type": "script_ref:AIbehaviorScriptExecutionContext",
          "name": "context",
          "flags": 128
        }
      ]
    },
    {
      "fullName": "GetMappingValue",
      "shortName": "GetMappingValue",
      "return": {
        "type": "Variant",
        "flags": 64
      },
      "index": 14080,
      "flags": 3,
      "params": [
        {
          "type": "AIbehaviorScriptExecutionContext",
          "name": "context",
          "flags": 128
        },
        {
          "type": "handle:AIArgumentMapping",
          "name": "mapping",
          "flags": 128
        }
      ]
    },
    {
      "fullName": "GetOverriddenNode",
      "shortName": "GetOverriddenNode",
      "return": {
        "type": "Bool",
        "flags": 64
      },
      "index": 14089,
      "flags": 3,
      "params": [
        {
          "type": "script_ref:AIbehaviorScriptExecutionContext",
          "name": "context",
          "flags": 128
        },
        {
          "type": "TweakDBID",
          "name": "nodeId",
          "flags": 128
        },
        {
          "type": "handle:gamedataAIRecord_Record",
          "name": "result",
          "flags": 640
        },
        {
          "type": "Bool",
          "name": "lookupDefault",
          "flags": 128
        }
      ]
    },
    {
      "fullName": "GetOwner",
      "shortName": "GetOwner",
      "return": {
        "type": "handle:gamePuppet",
        "flags": 64
      },
      "index": 14057,
      "flags": 3,
      "params": [
        {
          "type": "AIbehaviorScriptExecutionContext",
          "name": "context",
          "flags": 128
        }
      ]
    },
    {
      "fullName": "GetScriptableMappingValue",
      "shortName": "GetScriptableMappingValue",
      "return": {
        "type": "handle:IScriptable",
        "flags": 64
      },
      "index": 14081,
      "flags": 3,
      "params": [
        {
          "type": "AIbehaviorScriptExecutionContext",
          "name": "context",
          "flags": 128
        },
        {
          "type": "handle:AIArgumentMapping",
          "name": "mapping",
          "flags": 128
        }
      ]
    },
    {
      "fullName": "GetTweakActionSystem",
      "shortName": "GetTweakActionSystem",
      "return": {
        "type": "handle:AIbehaviortweakTweakActionSystem",
        "flags": 64
      },
      "index": 14095,
      "flags": 3,
      "params": [
        {
          "type": "script_ref:AIbehaviorScriptExecutionContext",
          "name": "context",
          "flags": 128
        }
      ]
    },
    {
      "fullName": "GetTweakDBIDMappingValue",
      "shortName": "GetTweakDBIDMappingValue",
      "return": {
        "type": "TweakDBID",
        "flags": 64
      },
      "index": 14082,
      "flags": 3,
      "params": [
        {
          "type": "script_ref:AIbehaviorScriptExecutionContext",
          "name": "context",
          "flags": 128
        },
        {
          "type": "handle:AIArgumentMapping",
          "name": "mapping",
          "flags": 128
        }
      ]
    },
    {
      "fullName": "InvokeBehaviorCallback",
      "shortName": "InvokeBehaviorCallback",
      "index": 14093,
      "flags": 3,
      "params": [
        {
          "type": "script_ref:AIbehaviorScriptExecutionContext",
          "name": "context",
          "flags": 128
        },
        {
          "type": "CName",
          "name": "cbName",
          "flags": 128
        }
      ]
    },
    {
      "fullName": "IsTraceFlagSet",
      "shortName": "IsTraceFlagSet",
      "index": 14097,
      "flags": 3
    },
    {
      "fullName": "PuppetRefToObject",
      "shortName": "PuppetRefToObject",
      "return": {
        "type": "handle:gameObject",
        "flags": 64
      },
      "index": 14090,
      "flags": 3,
      "params": [
        {
          "type": "AIbehaviorScriptExecutionContext",
          "name": "context",
          "flags": 128
        },
        {
          "type": "gameEntityReference",
          "name": "puppetRef",
          "flags": 128
        }
      ]
    },
    {
      "fullName": "RemoveBehaviorCallback",
      "shortName": "RemoveBehaviorCallback",
      "return": {
        "type": "Bool",
        "flags": 64
      },
      "index": 14092,
      "flags": 3,
      "params": [
        {
          "type": "AIbehaviorScriptExecutionContext",
          "name": "context",
          "flags": 128
        },
        {
          "type": "Uint32",
          "name": "id",
          "flags": 128
        }
      ]
    },
    {
      "fullName": "SetArgumentBool",
      "shortName": "SetArgumentBool",
      "index": 14061,
      "flags": 3,
      "params": [
        {
          "type": "AIbehaviorScriptExecutionContext",
          "name": "context",
          "flags": 128
        },
        {
          "type": "CName",
          "name": "entry",
          "flags": 128
        },
        {
          "type": "Bool",
          "name": "value",
          "flags": 128
        }
      ]
    },
    {
      "fullName": "SetArgumentFloat",
      "shortName": "SetArgumentFloat",
      "index": 14067,
      "flags": 3,
      "params": [
        {
          "type": "AIbehaviorScriptExecutionContext",
          "name": "context",
          "flags": 128
        },
        {
          "type": "CName",
          "name": "entry",
          "flags": 128
        },
        {
          "type": "Float",
          "name": "value",
          "flags": 128
        }
      ]
    },
    {
      "fullName": "SetArgumentGlobalNodeId",
      "shortName": "SetArgumentGlobalNodeId",
      "index": 14079,
      "flags": 3,
      "params": [
        {
          "type": "AIbehaviorScriptExecutionContext",
          "name": "context",
          "flags": 128
        },
        {
          "type": "CName",
          "name": "entry",
          "flags": 128
        },
        {
          "type": "worldGlobalNodeID",
          "name": "value",
          "flags": 128
        }
      ]
    },
    {
      "fullName": "SetArgumentInt",
      "shortName": "SetArgumentInt",
      "index": 14063,
      "flags": 3,
      "params": [
        {
          "type": "AIbehaviorScriptExecutionContext",
          "name": "context",
          "flags": 128
        },
        {
          "type": "CName",
          "name": "entry",
          "flags": 128
        },
        {
          "type": "Int32",
          "name": "value",
          "flags": 128
        }
      ]
    },
    {
      "fullName": "SetArgumentName",
      "shortName": "SetArgumentName",
      "index": 14069,
      "flags": 3,
      "params": [
        {
          "type": "AIbehaviorScriptExecutionContext",
          "name": "context",
          "flags": 128
        },
        {
          "type": "CName",
          "name": "entry",
          "flags": 128
        },
        {
          "type": "CName",
          "name": "value",
          "flags": 128
        }
      ]
    },
    {
      "fullName": "SetArgumentNodeRef",
      "shortName": "SetArgumentNodeRef",
      "index": 14077,
      "flags": 3,
      "params": [
        {
          "type": "AIbehaviorScriptExecutionContext",
          "name": "context",
          "flags": 128
        },
        {
          "type": "CName",
          "name": "entry",
          "flags": 128
        },
        {
          "type": "NodeRef",
          "name": "value",
          "flags": 128
        }
      ]
    },
    {
      "fullName": "SetArgumentObject",
      "shortName": "SetArgumentObject",
      "index": 14073,
      "flags": 3,
      "params": [
        {
          "type": "AIbehaviorScriptExecutionContext",
          "name": "context",
          "flags": 128
        },
        {
          "type": "CName",
          "name": "entry",
          "flags": 128
        },
        {
          "type": "whandle:gameObject",
          "name": "value",
          "flags": 128
        }
      ]
    },
    {
      "fullName": "SetArgumentScriptable",
      "shortName": "SetArgumentScriptable",
      "index": 14075,
      "flags": 3,
      "params": [
        {
          "type": "AIbehaviorScriptExecutionContext",
          "name": "context",
          "flags": 128
        },
        {
          "type": "CName",
          "name": "entry",
          "flags": 128
        },
        {
          "type": "whandle:IScriptable",
          "name": "value",
          "flags": 128
        }
      ]
    },
    {
      "fullName": "SetArgumentUint64",
      "shortName": "SetArgumentUint64",
      "index": 14065,
      "flags": 3,
      "params": [
        {
          "type": "AIbehaviorScriptExecutionContext",
          "name": "context",
          "flags": 128
        },
        {
          "type": "CName",
          "name": "entry",
          "flags": 128
        },
        {
          "type": "Uint64",
          "name": "value",
          "flags": 128
        }
      ]
    },
    {
      "fullName": "SetArgumentVector",
      "shortName": "SetArgumentVector",
      "index": 14071,
      "flags": 3,
      "params": [
        {
          "type": "AIbehaviorScriptExecutionContext",
          "name": "context",
          "flags": 128
        },
        {
          "type": "CName",
          "name": "entry",
          "flags": 128
        },
        {
          "type": "Vector4",
          "name": "value",
          "flags": 128
        }
      ]
    },
    {
      "fullName": "SetEnumMappingValue",
      "shortName": "SetEnumMappingValue",
      "return": {
        "type": "Bool",
        "flags": 64
      },
      "index": 14084,
      "flags": 3,
      "params": [
        {
          "type": "AIbehaviorScriptExecutionContext",
          "name": "context",
          "flags": 128
        },
        {
          "type": "handle:AIArgumentMapping",
          "name": "mapping",
          "flags": 128
        },
        {
          "type": "Int64",
          "name": "value",
          "flags": 128
        }
      ]
    },
    {
      "fullName": "SetMappingValue",
      "shortName": "SetMappingValue",
      "return": {
        "type": "Bool",
        "flags": 64
      },
      "index": 14083,
      "flags": 3,
      "params": [
        {
          "type": "AIbehaviorScriptExecutionContext",
          "name": "context",
          "flags": 128
        },
        {
          "type": "handle:AIArgumentMapping",
          "name": "mapping",
          "flags": 128
        },
        {
          "type": "Variant",
          "name": "value",
          "flags": 128
        }
      ]
    }
  ]
}
