{
  "parent": "AIbehaviorScriptBase",
  "name": "AIbehaviortaskScript",
  "flags": 2,
  "funcs": [
    {
      "fullName": "CutSelector",
      "shortName": "CutSelector",
      "index": 14054,
      "flags": 1,
      "params": [
        {
          "type": "AIbehaviorScriptExecutionContext",
          "name": "context",
          "flags": 128
        }
      ]
    },
    {
      "fullName": "SetUpdateInterval",
      "shortName": "SetUpdateInterval",
      "return": {
        "type": "Bool",
        "flags": 64
      },
      "index": 14055,
      "flags": 1,
      "params": [
        {
          "type": "AIbehaviorScriptExecutionContext",
          "name": "context",
          "flags": 128
        },
        {
          "type": "Float",
          "name": "interval",
          "flags": 128
        }
      ]
    },
    {
      "fullName": "Activate;ScriptExecutionContext",
      "shortName": "Activate",
      "flags": 34048,
      "params": [
        {
          "type": "AIbehaviorScriptExecutionContext",
          "name": "context",
          "flags": 128
        }
      ]
    },
    {
      "fullName": "ChildCompleted;ScriptExecutionContextAIbehaviorCompletionStatus",
      "shortName": "ChildCompleted",
      "flags": 34048,
      "params": [
        {
          "type": "AIbehaviorScriptExecutionContext",
          "name": "context",
          "flags": 128
        },
        {
          "type": "AIbehaviorCompletionStatus",
          "name": "status",
          "flags": 128
        }
      ]
    },
    {
      "fullName": "Deactivate;ScriptExecutionContext",
      "shortName": "Deactivate",
      "flags": 34048,
      "params": [
        {
          "type": "AIbehaviorScriptExecutionContext",
          "name": "context",
          "flags": 128
        }
      ]
    },
    {
      "fullName": "Update;ScriptExecutionContext",
      "shortName": "Update",
      "return": {
        "type": "AIbehaviorUpdateOutcome",
        "flags": 64
      },
      "flags": 34048,
      "params": [
        {
          "type": "AIbehaviorScriptExecutionContext",
          "name": "context",
          "flags": 128
        }
      ]
    }
  ]
}
