{
  "parent": "AIbehaviorPassiveExpressionDefinition",
  "name": "AIbehaviorStackScriptPassiveExpressionDefinition",
  "flags": 2,
  "funcs": [
    {
      "fullName": "AddBehaviorCallback",
      "shortName": "AddBehaviorCallback",
      "return": {
        "type": "Uint32",
        "flags": 64
      },
      "index": 14027,
      "flags": 1,
      "params": [
        {
          "type": "script_ref:AIbehaviorScriptExecutionContext",
          "name": "context",
          "flags": 128
        },
        {
          "type": "CName",
          "name": "callbackName",
          "flags": 128
        }
      ]
    },
    {
      "fullName": "AddToUpdateQueue",
      "shortName": "AddToUpdateQueue",
      "return": {
        "type": "Bool",
        "flags": 64
      },
      "index": 14025,
      "flags": 1,
      "params": [
        {
          "type": "script_ref:AIbehaviorScriptExecutionContext",
          "name": "context",
          "flags": 128
        }
      ]
    },
    {
      "fullName": "ListenToSignal",
      "shortName": "ListenToSignal",
      "return": {
        "type": "Uint16",
        "flags": 64
      },
      "index": 14029,
      "flags": 1,
      "params": [
        {
          "type": "script_ref:AIbehaviorScriptExecutionContext",
          "name": "context",
          "flags": 128
        },
        {
          "type": "CName",
          "name": "signalName",
          "flags": 128
        }
      ]
    },
    {
      "fullName": "MarkDirty",
      "shortName": "MarkDirty",
      "index": 14024,
      "flags": 1,
      "params": [
        {
          "type": "script_ref:AIbehaviorScriptExecutionContext",
          "name": "context",
          "flags": 128
        }
      ]
    },
    {
      "fullName": "RemoveBehaviorCallback",
      "shortName": "RemoveBehaviorCallback",
      "return": {
        "type": "Bool",
        "flags": 64
      },
      "index": 14028,
      "flags": 1,
      "params": [
        {
          "type": "script_ref:AIbehaviorScriptExecutionContext",
          "name": "context",
          "flags": 128
        },
        {
          "type": "Uint32",
          "name": "callbackId",
          "flags": 128
        }
      ]
    },
    {
      "fullName": "RemoveFromUpdateQueue",
      "shortName": "RemoveFromUpdateQueue",
      "return": {
        "type": "Bool",
        "flags": 64
      },
      "index": 14026,
      "flags": 1,
      "params": [
        {
          "type": "script_ref:AIbehaviorScriptExecutionContext",
          "name": "context",
          "flags": 128
        }
      ]
    },
    {
      "fullName": "StopListeningToSignal",
      "shortName": "StopListeningToSignal",
      "return": {
        "type": "Bool",
        "flags": 64
      },
      "index": 14030,
      "flags": 1,
      "params": [
        {
          "type": "script_ref:AIbehaviorScriptExecutionContext",
          "name": "context",
          "flags": 128
        },
        {
          "type": "Uint16",
          "name": "signalId",
          "flags": 128
        }
      ]
    }
  ]
}
