{
  "parent": "AIbehaviorTaskDefinition",
  "name": "AIbehaviorFindTeleportPositionTaskDefinition",
  "flags": 2,
  "props": [
    {
      "type": "handle:AIArgumentMapping",
      "name": "patrolPath",
      "group": "Inputs",
      "flags": 6627016709
    },
    {
      "type": "handle:AIArgumentMapping",
      "name": "teleportPosition",
      "group": "Outputs",
      "flags": 6627016709
    },
    {
      "type": "handle:AIArgumentMapping",
      "name": "teleportRotation",
      "group": "Outputs",
      "flags": 6627016709
    }
  ]
}
