{
  "parent": "AIbehaviorActionTreeNodeDefinition",
  "name": "AIbehaviorActionTeleportTreeNodeDefinition",
  "flags": 2,
  "props": [
    {
      "type": "handle:AIArgumentMapping",
      "name": "destinationPoint",
      "flags": 6627016709
    },
    {
      "type": "handle:AIArgumentMapping",
      "name": "doNavTest",
      "flags": 6627016709
    },
    {
      "type": "handle:AIArgumentMapping",
      "name": "rotation",
      "flags": 6627016709
    },
    {
      "type": "handle:AIArgumentMapping",
      "name": "waitForPositionUpdate",
      "flags": 6627016709
    }
  ]
}
