{
  "parent": "AIbehaviorActionTreeNodeDefinition",
  "name": "AIbehaviorActionAnimationCurvePathDefinition",
  "flags": 2,
  "props": [
    {
      "type": "handle:AIArgumentMapping",
      "name": "nodeReference",
      "flags": 6627016709
    },
    {
      "type": "handle:AIArgumentMapping",
      "name": "controllersSetupName",
      "flags": 6627016709
    },
    {
      "type": "handle:AIArgumentMapping",
      "name": "useStart",
      "flags": 6627016709
    },
    {
      "type": "handle:AIArgumentMapping",
      "name": "useStop",
      "flags": 6627016709
    },
    {
      "type": "handle:AIArgumentMapping",
      "name": "blendTime",
      "flags": 6627016709
    },
    {
      "type": "handle:AIArgumentMapping",
      "name": "globalInBlendTime",
      "flags": 6627016709
    },
    {
      "type": "handle:AIArgumentMapping",
      "name": "globalOutBlendTime",
      "flags": 6627016709
    },
    {
      "type": "handle:AIArgumentMapping",
      "name": "turnCharacterToMatchVelocity",
      "flags": 6627016709
    },
    {
      "type": "handle:AIArgumentMapping",
      "name": "customStartAnimationName",
      "flags": 6627016709
    },
    {
      "type": "handle:AIArgumentMapping",
      "name": "customMainAnimationName",
      "flags": 6627016709
    },
    {
      "type": "handle:AIArgumentMapping",
      "name": "customStopAnimationName",
      "flags": 6627016709
    },
    {
      "type": "handle:AIArgumentMapping",
      "name": "startSnapToTerrain",
      "flags": 6627016709
    },
    {
      "type": "handle:AIArgumentMapping",
      "name": "mainSnapToTerrain",
      "flags": 6627016709
    },
    {
      "type": "handle:AIArgumentMapping",
      "name": "stopSnapToTerrain",
      "flags": 6627016709
    },
    {
      "type": "handle:AIArgumentMapping",
      "name": "startSnapToTerrainBlendTime",
      "flags": 6627016709
    },
    {
      "type": "handle:AIArgumentMapping",
      "name": "stopSnapToTerrainBlendTime",
      "flags": 6627016709
    }
  ]
}
