{
  "parent": "AIbehaviorDriveTreeNodeDefinition",
  "name": "AIbehaviorDriveChaseTargetTreeNodeDefinition",
  "flags": 2,
  "props": [
    {
      "type": "handle:AIArgumentMapping",
      "name": "target",
      "flags": 6627016709
    },
    {
      "type": "handle:AIArgumentMapping",
      "name": "distanceMin",
      "flags": 6627016709
    },
    {
      "type": "handle:AIArgumentMapping",
      "name": "distanceMax",
      "flags": 6627016709
    },
    {
      "type": "handle:AIArgumentMapping",
      "name": "forcedStartSpeed",
      "flags": 6627016709
    },
    {
      "type": "handle:AIArgumentMapping",
      "name": "needDriver",
      "flags": 6627016709
    },
    {
      "type": "handle:AIArgumentMapping",
      "name": "aggressiveRammingEnabled",
      "flags": 6627016709
    },
    {
      "type": "handle:AIArgumentMapping",
      "name": "ignoreChaseVehiclesLimit",
      "flags": 6627016709
    },
    {
      "type": "handle:AIArgumentMapping",
      "name": "boostDrivingStats",
      "flags": 6627016709
    }
  ]
}
