{
  "name": "AIbehaviorNodeStatusDebuggerCommandEntry",
  "flags": 2,
  "props": [
    {
      "type": "CGUID",
      "name": "nodeId",
      "flags": 6627016704
    },
    {
      "type": "AIbehaviorDebugNodeStatus",
      "name": "status",
      "flags": 6627016704
    },
    {
      "type": "Uint32",
      "name": "generation",
      "flags": 6627016704
    },
    {
      "type": "handle:gamedebugFailure",
      "name": "failure",
      "flags": 6627016704
    }
  ]
}
