{
  "parent": "AIbehaviorTaskDefinition",
  "name": "AIbehaviorTryGetChasePointTaskDefinition",
  "flags": 2,
  "props": [
    {
      "type": "handle:AIArgumentMapping",
      "name": "inPlayerPositionDelay",
      "flags": 6627016709
    },
    {
      "type": "handle:AIArgumentMapping",
      "name": "inPlayerPositionMaxDistance",
      "flags": 6627016709
    },
    {
      "type": "handle:AIArgumentMapping",
      "name": "inNearestNavmeshPolyExtent",
      "flags": 6627016709
    },
    {
      "type": "handle:AIArgumentMapping",
      "name": "outChasePosition",
      "flags": 6627016709
    }
  ]
}
