{
  "parent": "AIbehaviorTaskDefinition",
  "name": "AIbehaviorGetSearchPointTaskDefinition",
  "flags": 2,
  "props": [
    {
      "type": "handle:AIArgumentMapping",
      "name": "inPlayerPositionDelay",
      "flags": 6627016709
    },
    {
      "type": "handle:AIArgumentMapping",
      "name": "inSearchPositionMaxRadius",
      "flags": 6627016709
    },
    {
      "type": "handle:AIArgumentMapping",
      "name": "inNearestNavmeshPolyExtent",
      "flags": 6627016709
    },
    {
      "type": "handle:AIArgumentMapping",
      "name": "inPavementsOnly",
      "flags": 6627016709
    },
    {
      "type": "handle:AIArgumentMapping",
      "name": "inLastKnownPosition",
      "flags": 6627016709
    },
    {
      "type": "handle:AIArgumentMapping",
      "name": "outSearchPosition",
      "flags": 6627016709
    }
  ]
}
