{
  "parent": "AIbehaviorActionTreeNodeDefinition",
  "name": "AIbehaviorActionRotateToObjectConstTimeTreeNodeDefinition",
  "flags": 2,
  "props": [
    {
      "type": "handle:AIArgumentMapping",
      "name": "target",
      "flags": 6627016709
    },
    {
      "type": "handle:AIArgumentMapping",
      "name": "angleOffset",
      "flags": 6627016709
    },
    {
      "type": "handle:AIArgumentMapping",
      "name": "angleTolerance",
      "flags": 6627016709
    },
    {
      "type": "handle:AIArgumentMapping",
      "name": "time",
      "flags": 6627016709
    },
    {
      "type": "handle:AIArgumentMapping",
      "name": "keepUpdatingTarget",
      "flags": 6627016709
    }
  ]
}
