{
  "parent": "AIbehaviorDriveTreeNodeDefinition",
  "name": "AIbehaviorDriveToPointAutonomousTreeNodeDefinition",
  "flags": 2,
  "props": [
    {
      "type": "handle:AIArgumentMapping",
      "name": "targetPosition",
      "flags": 6627016709
    },
    {
      "type": "handle:AIArgumentMapping",
      "name": "maxSpeed",
      "flags": 6627016709
    },
    {
      "type": "handle:AIArgumentMapping",
      "name": "minSpeed",
      "flags": 6627016709
    },
    {
      "type": "handle:AIArgumentMapping",
      "name": "clearTrafficOnPath",
      "flags": 6627016709
    },
    {
      "type": "handle:AIArgumentMapping",
      "name": "minimumDistanceToTarget",
      "flags": 6627016709
    },
    {
      "type": "handle:AIArgumentMapping",
      "name": "forcedStartSpeed",
      "flags": 6627016709
    },
    {
      "type": "handle:AIArgumentMapping",
      "name": "driveDownTheRoadIndefinitely",
      "flags": 6627016709
    }
  ]
}
