{
  "parent": "AIbehaviorPassiveExpressionDefinition",
  "name": "AIbehaviorComparisonExpressionDefinition",
  "flags": 2,
  "props": [
    {
      "type": "handle:AIbehaviorExpressionSocket",
      "name": "leftHandSide",
      "flags": 6459244549
    },
    {
      "type": "EComparisonType",
      "name": "operator",
      "flags": 6627016705
    },
    {
      "type": "handle:AIbehaviorExpressionSocket",
      "name": "rightHandSide",
      "flags": 6459244549
    }
  ]
}
