{
  "parent": "CResource",
  "name": "AIbehaviorResource",
  "flags": 2,
  "props": [
    {
      "type": "handle:AIbehaviorTreeNodeDefinition",
      "name": "root",
      "flags": 6627016707
    },
    {
      "type": "AITreeArgumentsDefinition",
      "name": "arguments",
      "flags": 6627016705
    },
    {
      "type": "handle:AIbehaviorBehaviorDelegate",
      "name": "delegate",
      "flags": 6627016709
    },
    {
      "type": "array:CName",
      "name": "initializationEvents",
      "flags": 6631211009
    }
  ]
}
