{
  "parent": "AIbehaviorTreeNodeDefinition",
  "name": "AIbehaviorFSMStateDefinition",
  "flags": 2,
  "props": [
    {
      "type": "handle:AIbehaviorTreeNodeDefinition",
      "name": "behaviorRoot",
      "flags": 6627016704
    },
    {
      "type": "Bool",
      "name": "isInitial",
      "flags": 6627016705
    },
    {
      "type": "Bool",
      "name": "isExit",
      "flags": 6627016705
    },
    {
      "type": "AIbehaviorStateCompletionStatus",
      "name": "completionStatus",
      "flags": 6627016705
    }
  ]
}
