{
  "name": "AIbehaviorScriptUtils",
  "flags": 66,
  "funcs": [
    {
      "fullName": "ArePositionsEqual",
      "shortName": "ArePositionsEqual",
      "return": {
        "type": "Bool",
        "flags": 64
      },
      "index": 14035,
      "flags": 3,
      "params": [
        {
          "type": "Vector4",
          "name": "a",
          "flags": 128
        },
        {
          "type": "Vector4",
          "name": "b",
          "flags": 128
        }
      ]
    },
    {
      "fullName": "CalculateDistanceToEndFrom",
      "shortName": "CalculateDistanceToEndFrom",
      "return": {
        "type": "Bool",
        "flags": 64
      },
      "index": 14034,
      "flags": 3,
      "params": [
        {
          "type": "ScriptGameInstance",
          "name": "game",
          "flags": 128
        },
        {
          "type": "NodeRef",
          "name": "splineRef",
          "flags": 128
        },
        {
          "type": "Vector4",
          "name": "refPoint",
          "flags": 128
        },
        {
          "type": "Float",
          "name": "endDistance",
          "flags": 640
        }
      ]
    },
    {
      "fullName": "CallActivateSubAction",
      "shortName": "CallActivateSubAction",
      "index": 14039,
      "flags": 3,
      "params": [
        {
          "type": "AIbehaviorScriptExecutionContext",
          "name": "context",
          "flags": 128
        },
        {
          "type": "handle:gamedataAISubAction_Record",
          "name": "subAction",
          "flags": 128
        }
      ]
    },
    {
      "fullName": "CallCheckSubCondition",
      "shortName": "CallCheckSubCondition",
      "return": {
        "type": "Bool",
        "flags": 64
      },
      "index": 14044,
      "flags": 3,
      "params": [
        {
          "type": "AIbehaviorScriptExecutionContext",
          "name": "context",
          "flags": 128
        },
        {
          "type": "handle:gamedataAIActionSubCondition_Record",
          "name": "check",
          "flags": 128
        }
      ]
    },
    {
      "fullName": "CallDeactivateSubAction",
      "shortName": "CallDeactivateSubAction",
      "index": 14041,
      "flags": 3,
      "params": [
        {
          "type": "AIbehaviorScriptExecutionContext",
          "name": "context",
          "flags": 128
        },
        {
          "type": "handle:gamedataAISubAction_Record",
          "name": "subAction",
          "flags": 128
        },
        {
          "type": "Float",
          "name": "duration",
          "flags": 128
        },
        {
          "type": "Bool",
          "name": "interrupted",
          "flags": 128
        }
      ]
    },
    {
      "fullName": "CallGetAnimVariation",
      "shortName": "CallGetAnimVariation",
      "return": {
        "type": "Int32",
        "flags": 64
      },
      "index": 14042,
      "flags": 3,
      "params": [
        {
          "type": "AIbehaviorScriptExecutionContext",
          "name": "context",
          "flags": 128
        },
        {
          "type": "handle:gamedataAISubAction_Record",
          "name": "subActionRecord",
          "flags": 128
        }
      ]
    },
    {
      "fullName": "CallGetPhaseDuration",
      "shortName": "CallGetPhaseDuration",
      "return": {
        "type": "Float",
        "flags": 64
      },
      "index": 14043,
      "flags": 3,
      "params": [
        {
          "type": "AIbehaviorScriptExecutionContext",
          "name": "context",
          "flags": 128
        },
        {
          "type": "handle:gamedataAISubAction_Record",
          "name": "subActionRecord",
          "flags": 128
        },
        {
          "type": "Int32",
          "name": "actionPhase",
          "flags": 128
        },
        {
          "type": "Float",
          "name": "baseDuration",
          "flags": 128
        }
      ]
    },
    {
      "fullName": "CallUpdateSubAction",
      "shortName": "CallUpdateSubAction",
      "return": {
        "type": "AIbehaviorUpdateOutcome",
        "flags": 64
      },
      "index": 14040,
      "flags": 3,
      "params": [
        {
          "type": "AIbehaviorScriptExecutionContext",
          "name": "context",
          "flags": 128
        },
        {
          "type": "handle:gamedataAISubAction_Record",
          "name": "subAction",
          "flags": 128
        },
        {
          "type": "Float",
          "name": "duration",
          "flags": 128
        }
      ]
    },
    {
      "fullName": "CheckActionCondition",
      "shortName": "CheckActionCondition",
      "return": {
        "type": "Bool",
        "flags": 64
      },
      "index": 14038,
      "flags": 3,
      "params": [
        {
          "type": "AIbehaviorScriptExecutionContext",
          "name": "ctx",
          "flags": 128
        },
        {
          "type": "whandle:gamedataAIActionCondition_Record",
          "name": "condition",
          "flags": 128
        }
      ]
    },
    {
      "fullName": "CheckActionCooldowns",
      "shortName": "CheckActionCooldowns",
      "return": {
        "type": "Bool",
        "flags": 64
      },
      "index": 14047,
      "flags": 3,
      "params": [
        {
          "type": "AIbehaviorScriptExecutionContext",
          "name": "context",
          "flags": 128
        },
        {
          "type": "handle:gamedataAIAction_Record",
          "name": "check",
          "flags": 128
        }
      ]
    },
    {
      "fullName": "CheckAnimation",
      "shortName": "CheckAnimation",
      "return": {
        "type": "Bool",
        "flags": 64
      },
      "index": 14049,
      "flags": 3,
      "params": [
        {
          "type": "script_ref:AIbehaviorScriptExecutionContext",
          "name": "context",
          "flags": 128
        },
        {
          "type": "CName",
          "name": "animFeatureName",
          "flags": 128
        },
        {
          "type": "Int32",
          "name": "animVariation",
          "flags": 128
        },
        {
          "type": "Int32",
          "name": "animState",
          "flags": 128
        },
        {
          "type": "Bool",
          "name": "triggerPreload",
          "flags": 128
        }
      ]
    },
    {
      "fullName": "CheckCooldownConditions",
      "shortName": "CheckCooldownConditions",
      "return": {
        "type": "Bool",
        "flags": 64
      },
      "index": 14048,
      "flags": 3,
      "params": [
        {
          "type": "AIbehaviorScriptExecutionContext",
          "name": "context",
          "flags": 128
        },
        {
          "type": "handle:gamedataAICooldownCond_Record",
          "name": "check",
          "flags": 128
        }
      ]
    },
    {
      "fullName": "DebugLog",
      "shortName": "DebugLog",
      "index": 14053,
      "flags": 3,
      "params": [
        {
          "type": "entEntityID",
          "name": "entityId",
          "flags": 128
        },
        {
          "type": "CName",
          "name": "category",
          "flags": 128
        },
        {
          "type": "String",
          "name": "message",
          "flags": 128
        }
      ]
    },
    {
      "fullName": "GetActionNameFromRecord",
      "shortName": "GetActionNameFromRecord",
      "return": {
        "type": "Bool",
        "flags": 64
      },
      "index": 14036,
      "flags": 3,
      "params": [
        {
          "type": "TweakDBID",
          "name": "recordId",
          "flags": 128
        },
        {
          "type": "TweakDBID",
          "name": "actionName",
          "flags": 640
        }
      ]
    },
    {
      "fullName": "GetActionTarget",
      "shortName": "GetActionTarget",
      "return": {
        "type": "Bool",
        "flags": 64
      },
      "index": 14045,
      "flags": 3,
      "params": [
        {
          "type": "AIbehaviorScriptExecutionContext",
          "name": "context",
          "flags": 128
        },
        {
          "type": "handle:gamedataAIActionTarget_Record",
          "name": "target",
          "flags": 128
        },
        {
          "type": "handle:gameObject",
          "name": "object",
          "flags": 640
        }
      ]
    },
    {
      "fullName": "GetActionTarget2",
      "shortName": "GetActionTarget2",
      "return": {
        "type": "Bool",
        "flags": 64
      },
      "index": 14046,
      "flags": 3,
      "params": [
        {
          "type": "AIbehaviorScriptExecutionContext",
          "name": "context",
          "flags": 128
        },
        {
          "type": "TweakDBID",
          "name": "targetId",
          "flags": 128
        },
        {
          "type": "Float",
          "name": "predictionTime",
          "flags": 128
        },
        {
          "type": "handle:gameObject",
          "name": "object",
          "flags": 640
        },
        {
          "type": "Vector4",
          "name": "position",
          "flags": 640
        },
        {
          "type": "Uint64",
          "name": "coverId",
          "flags": 640
        }
      ]
    },
    {
      "fullName": "GetClosestPointOnSpline",
      "shortName": "GetClosestPointOnSpline",
      "return": {
        "type": "Bool",
        "flags": 64
      },
      "index": 14031,
      "flags": 3,
      "params": [
        {
          "type": "ScriptGameInstance",
          "name": "game",
          "flags": 128
        },
        {
          "type": "NodeRef",
          "name": "splineRef",
          "flags": 128
        },
        {
          "type": "Vector4",
          "name": "refPoint",
          "flags": 128
        },
        {
          "type": "Vector4",
          "name": "closestPoint",
          "flags": 640
        }
      ]
    },
    {
      "fullName": "GetEndPointOfSpline",
      "shortName": "GetEndPointOfSpline",
      "return": {
        "type": "Bool",
        "flags": 64
      },
      "index": 14033,
      "flags": 3,
      "params": [
        {
          "type": "ScriptGameInstance",
          "name": "game",
          "flags": 128
        },
        {
          "type": "NodeRef",
          "name": "splineRef",
          "flags": 128
        },
        {
          "type": "Vector4",
          "name": "endPoint",
          "flags": 640
        }
      ]
    },
    {
      "fullName": "GetStartPointOfSpline",
      "shortName": "GetStartPointOfSpline",
      "return": {
        "type": "Bool",
        "flags": 64
      },
      "index": 14032,
      "flags": 3,
      "params": [
        {
          "type": "ScriptGameInstance",
          "name": "game",
          "flags": 128
        },
        {
          "type": "NodeRef",
          "name": "splineRef",
          "flags": 128
        },
        {
          "type": "Vector4",
          "name": "startPoint",
          "flags": 640
        }
      ]
    },
    {
      "fullName": "GetTicketType",
      "shortName": "GetTicketType",
      "return": {
        "type": "Bool",
        "flags": 64
      },
      "index": 14051,
      "flags": 3,
      "params": [
        {
          "type": "CName",
          "name": "ticketName",
          "flags": 128
        },
        {
          "type": "handle:gamePuppet",
          "name": "puppet",
          "flags": 128
        },
        {
          "type": "handle:gamedataAISquadParams_Record",
          "name": "fallbackSquad",
          "flags": 128
        },
        {
          "type": "handle:gamedataAITicket_Record",
          "name": "outTicket",
          "flags": 640
        },
        {
          "type": "handle:gamedataAISquadParams_Record",
          "name": "outSquadRecord",
          "flags": 640
        }
      ]
    },
    {
      "fullName": "GetWaterLevel",
      "shortName": "GetWaterLevel",
      "return": {
        "type": "Bool",
        "flags": 64
      },
      "index": 14052,
      "flags": 3,
      "params": [
        {
          "type": "ScriptGameInstance",
          "name": "game",
          "flags": 128
        },
        {
          "type": "Vector3",
          "name": "position",
          "flags": 128
        },
        {
          "type": "Float",
          "name": "outWaterLevel",
          "flags": 640
        }
      ]
    },
    {
      "fullName": "IsArchetypeAction",
      "shortName": "IsArchetypeAction",
      "return": {
        "type": "Bool",
        "flags": 64
      },
      "index": 14037,
      "flags": 3,
      "params": [
        {
          "type": "TweakDBID",
          "name": "recordId",
          "flags": 128
        }
      ]
    },
    {
      "fullName": "IsSplineStartRecalculated",
      "shortName": "IsSplineStartRecalculated",
      "return": {
        "type": "Bool",
        "flags": 64
      },
      "index": 14050,
      "flags": 3,
      "params": [
        {
          "type": "AIbehaviorScriptExecutionContext",
          "name": "context",
          "flags": 128
        },
        {
          "type": "NodeRef",
          "name": "splineRef",
          "flags": 128
        },
        {
          "type": "Bool",
          "name": "splineRecalculation",
          "flags": 128
        }
      ]
    }
  ]
}
