{
  "parent": "AIbehaviorPassiveExpressionDefinition",
  "name": "AIbehaviorCommandConditionExpressionDefinition",
  "flags": 2,
  "props": [
    {
      "type": "CName",
      "name": "commandName",
      "flags": 6627016705
    },
    {
      "type": "Bool",
      "name": "useInheritance",
      "flags": 6627016705
    },
    {
      "type": "Bool",
      "name": "isEnqueued",
      "flags": 6627016705
    },
    {
      "type": "Bool",
      "name": "isExecuting",
      "flags": 6627016705
    }
  ]
}
