{
  "name": "AIbehaviortweakTargetLocation",
  "flags": 2,
  "props": [
    {
      "type": "whandle:gameObject",
      "name": "object",
      "flags": 6627016704
    },
    {
      "type": "Vector3",
      "name": "position",
      "flags": 6627016704
    },
    {
      "type": "Vector3",
      "name": "speed",
      "flags": 6627016704
    },
    {
      "type": "AIObjectId",
      "name": "coverId",
      "flags": 6627016704
    },
    {
      "type": "Bool",
      "name": "hasPosition",
      "flags": 6627016704
    },
    {
      "type": "Bool",
      "name": "hasSpeed",
      "flags": 6627016704
    }
  ]
}
