{
  "parent": "AIbehaviorDecoratorNodeDefinition",
  "name": "AIbehaviorExitWorkspotNodeDefinition",
  "flags": 2,
  "props": [
    {
      "type": "handle:AIArgumentMapping",
      "name": "skipExitAnimation",
      "flags": 6627016709
    },
    {
      "type": "handle:AIArgumentMapping",
      "name": "useSlowExitAnimation",
      "flags": 6627016709
    },
    {
      "type": "handle:AIArgumentMapping",
      "name": "doSlowIfFastExitFails",
      "flags": 6627016709
    },
    {
      "type": "handle:AIArgumentMapping",
      "name": "stayInWorkspotIfExitFails",
      "flags": 6627016709
    },
    {
      "type": "handle:AIArgumentMapping",
      "name": "tryBlendFastExitToWalk",
      "flags": 6627016709
    },
    {
      "type": "handle:AIArgumentMapping",
      "name": "dontRequestExit",
      "flags": 6627016709
    },
    {
      "type": "handle:AIArgumentMapping",
      "name": "cancelQueuedCommand",
      "flags": 6627016709
    },
    {
      "type": "handle:AIArgumentMapping",
      "name": "target",
      "flags": 6627016709
    }
  ]
}
