{
  "parent": "AIbehaviorActionTreeNodeDefinition",
  "name": "AIbehaviorPatrolActionNodeDefinition",
  "flags": 2,
  "props": [
    {
      "type": "handle:AIArgumentMapping",
      "name": "path",
      "group": "Inputs",
      "flags": 6627016709
    },
    {
      "type": "handle:AIArgumentMapping",
      "name": "patrolProgress",
      "group": "Inputs",
      "flags": 6627016709
    },
    {
      "type": "handle:AIArgumentMapping",
      "name": "startFromClosestPoint",
      "group": "Inputs",
      "flags": 6627016709
    },
    {
      "type": "handle:AIArgumentMapping",
      "name": "patrolContinuationPolicy",
      "group": "Inputs",
      "flags": 6627016709
    },
    {
      "type": "handle:AIArgumentMapping",
      "name": "playStartAnimation",
      "group": "Inputs",
      "flags": 6627016709
    },
    {
      "type": "handle:AIArgumentMapping",
      "name": "fastForwardAfterTeleport",
      "group": "Inputs",
      "flags": 6627016709
    },
    {
      "type": "handle:AIArgumentMapping",
      "name": "workspotData",
      "group": "Outputs",
      "flags": 6627016709
    },
    {
      "type": "handle:AIArgumentMapping",
      "name": "dependentWorkspotData",
      "group": "Outputs",
      "flags": 6627016709
    },
    {
      "type": "handle:AIArgumentMapping",
      "name": "lookAtTarget",
      "group": "Input/Output",
      "flags": 6627016709
    },
    {
      "type": "handle:AIArgumentMapping",
      "name": "usePathContext",
      "group": "Experimental - UsePathContext",
      "flags": 6627016709
    },
    {
      "type": "handle:AIArgumentMapping",
      "name": "useOffMeshLinkReservation",
      "group": "Experimental - UsePathContext",
      "flags": 6627016709
    }
  ]
}
