{
  "parent": "AIbehaviorActionTreeNodeDefinition",
  "name": "AIbehaviorActionMoveToWorkspotNodeDefinition",
  "flags": 2,
  "props": [
    {
      "type": "handle:AIArgumentMapping",
      "name": "workspotSetup",
      "flags": 6627016709
    },
    {
      "type": "handle:AIArgumentMapping",
      "name": "lookAtTarget",
      "flags": 6627016709
    },
    {
      "type": "handle:AIArgumentMapping",
      "name": "movementType",
      "flags": 6627016709
    },
    {
      "type": "handle:AIArgumentMapping",
      "name": "tolerance",
      "flags": 6627016709
    },
    {
      "type": "handle:AIArgumentMapping",
      "name": "ignoreNavigation",
      "flags": 6627016709
    },
    {
      "type": "handle:AIArgumentMapping",
      "name": "rotateEntity",
      "flags": 6627016709
    },
    {
      "type": "handle:AIArgumentMapping",
      "name": "useStart",
      "flags": 6627016709
    },
    {
      "type": "handle:AIArgumentMapping",
      "name": "spotReservation",
      "flags": 6627016709
    },
    {
      "type": "handle:AIArgumentMapping",
      "name": "startTangent",
      "flags": 6627016709
    },
    {
      "type": "handle:AIArgumentMapping",
      "name": "fastForwardAfterTeleport",
      "flags": 6627016709
    },
    {
      "type": "handle:AIArgumentMapping",
      "name": "ignoreExploration",
      "flags": 6627016709
    },
    {
      "type": "handle:AIArgumentMapping",
      "name": "failWhenStoppedByCollision",
      "flags": 6627016709
    }
  ]
}
