{
  "parent": "AIbehaviorEventResolverDefinition",
  "name": "AIbehaviorMountEventResolverDefinition",
  "flags": 2,
  "props": [
    {
      "type": "handle:AIArgumentMapping",
      "name": "mountData",
      "flags": 6627016709
    },
    {
      "type": "handle:AIArgumentMapping",
      "name": "workspotData",
      "flags": 6627016709
    },
    {
      "type": "handle:AIArgumentMapping",
      "name": "isInstant",
      "flags": 6627016709
    },
    {
      "type": "CName",
      "name": "behaviorCallbackName",
      "flags": 6627016705
    }
  ]
}
