{
  "parent": "AIbehaviorTaskDefinition",
  "name": "AIbehaviorSelectWorkspotEntryTaskDefinition",
  "flags": 2,
  "props": [
    {
      "type": "handle:AIArgumentMapping",
      "name": "workspotData",
      "flags": 6627016709
    },
    {
      "type": "handle:AIArgumentMapping",
      "name": "destinationPosition",
      "flags": 6627016709
    },
    {
      "type": "handle:AIArgumentMapping",
      "name": "tangentPoint",
      "flags": 6627016709
    },
    {
      "type": "handle:AIArgumentMapping",
      "name": "entranceFromStand",
      "flags": 6627016709
    }
  ]
}
