{
  "parent": "IScriptable",
  "name": "AIBehaviorScript",
  "flags": 5,
  "funcs": [
    {
      "fullName": "GetGame;ScriptExecutionContext",
      "shortName": "GetGame",
      "return": {
        "type": "ScriptGameInstance",
        "flags": 64
      },
      "flags": 33028,
      "params": [
        {
          "type": "AIbehaviorScriptExecutionContext",
          "name": "context",
          "flags": 128
        }
      ]
    },
    {
      "fullName": "GetPuppet;ScriptExecutionContext",
      "shortName": "GetPuppet",
      "return": {
        "type": "handle:ScriptedPuppet",
        "flags": 64
      },
      "flags": 33028,
      "params": [
        {
          "type": "AIbehaviorScriptExecutionContext",
          "name": "context",
          "flags": 128
        }
      ]
    }
  ]
}
