{
  "parent": "AIbehaviorDriveTreeNodeDefinition",
  "name": "AIbehaviorDrivePatrolTreeNodeDefinition",
  "flags": 2,
  "props": [
    {
      "type": "handle:AIArgumentMapping",
      "name": "maxSpeed",
      "flags": 6627016709
    },
    {
      "type": "handle:AIArgumentMapping",
      "name": "minSpeed",
      "flags": 6627016709
    },
    {
      "type": "handle:AIArgumentMapping",
      "name": "clearTrafficOnPath",
      "flags": 6627016709
    },
    {
      "type": "handle:AIArgumentMapping",
      "name": "emergencyPatrol",
      "flags": 6627016709
    },
    {
      "type": "handle:AIArgumentMapping",
      "name": "numPatrolLoops",
      "flags": 6627016709
    },
    {
      "type": "handle:AIArgumentMapping",
      "name": "forcedStartSpeed",
      "flags": 6627016709
    }
  ]
}
