{
  "parent": "AIbehaviorTaskDefinition",
  "name": "AIbehaviorSelectCoverTaskDefinition",
  "flags": 2,
  "props": [
    {
      "type": "handle:AIArgumentMapping",
      "name": "cover",
      "flags": 6627016709
    },
    {
      "type": "handle:AIArgumentMapping",
      "name": "coverID",
      "flags": 6627016709
    },
    {
      "type": "handle:AIArgumentMapping",
      "name": "multiCoverID",
      "flags": 6627016709
    },
    {
      "type": "handle:AIArgumentMapping",
      "name": "combatTarget",
      "flags": 6627016709
    },
    {
      "type": "handle:AIArgumentMapping",
      "name": "friendlyTarget",
      "flags": 6627016709
    },
    {
      "type": "handle:AIArgumentMapping",
      "name": "combatZone",
      "flags": 6627016709
    },
    {
      "type": "CName",
      "name": "sectorSelection",
      "flags": 6627016705
    },
    {
      "type": "handle:AIArgumentMapping",
      "name": "ignoreRestrictMovementArea",
      "flags": 6627016709
    },
    {
      "type": "handle:AIArgumentMapping",
      "name": "selectionPreset",
      "flags": 6627016709
    },
    {
      "type": "handle:AIArgumentMapping",
      "name": "onActivationSelectionPreset",
      "flags": 6627016709
    },
    {
      "type": "handle:AIArgumentMapping",
      "name": "secondStagePreset",
      "flags": 6627016709
    },
    {
      "type": "handle:AIArgumentMapping",
      "name": "coverChangeThreshold",
      "flags": 6627016709
    },
    {
      "type": "handle:AIArgumentMapping",
      "name": "coverGatheringCenterObject",
      "flags": 6627016709
    },
    {
      "type": "handle:AIArgumentMapping",
      "name": "coverDisablingDuration",
      "flags": 6627016709
    }
  ]
}
