{
  "parent": "AIbehaviorTaskDefinition",
  "name": "AIbehaviorClearSearchInfluenceTaskDefinition",
  "flags": 2,
  "props": [
    {
      "type": "handle:AIArgumentMapping",
      "name": "clearedAreaRadius",
      "flags": 6627016709
    },
    {
      "type": "handle:AIArgumentMapping",
      "name": "clearedAreaDistance",
      "flags": 6627016709
    },
    {
      "type": "handle:AIArgumentMapping",
      "name": "clearedAreaAngle",
      "flags": 6627016709
    }
  ]
}
