{
  "parent": "AIbehaviorTaskDefinition",
  "name": "AIbehaviorCheckLineOfFireTaskDefinition",
  "flags": 2,
  "props": [
    {
      "type": "handle:AIArgumentMapping",
      "name": "slotName",
      "flags": 6627016709
    },
    {
      "type": "handle:AIArgumentMapping",
      "name": "attachmentName",
      "flags": 6627016709
    },
    {
      "type": "handle:AIArgumentMapping",
      "name": "spread",
      "flags": 6627016709
    },
    {
      "type": "handle:AIArgumentMapping",
      "name": "maxRange",
      "flags": 6627016709
    }
  ]
}
