{
  "parent": "AIbehaviorDriveTreeNodeDefinition",
  "name": "AIbehaviorDrivePanicTreeNodeDefinition",
  "flags": 2,
  "props": [
    {
      "type": "handle:AIArgumentMapping",
      "name": "allowSimplifiedMovement",
      "flags": 6627016709
    },
    {
      "type": "handle:AIArgumentMapping",
      "name": "ignoreTickets",
      "flags": 6627016709
    },
    {
      "type": "handle:AIArgumentMapping",
      "name": "disableStuckDetection",
      "flags": 6627016709
    },
    {
      "type": "handle:AIArgumentMapping",
      "name": "useSpeedBasedLookupRange",
      "flags": 6627016709
    },
    {
      "type": "handle:AIArgumentMapping",
      "name": "tryDriveAwayFromPlayer",
      "flags": 6627016709
    },
    {
      "type": "handle:AIArgumentMapping",
      "name": "needDriver",
      "flags": 6627016709
    }
  ]
}
