{
  "parent": "AIbehaviorTaskDefinition",
  "name": "AIbehaviorConvertToDynamicWorkspotTaskDefinition",
  "flags": 2,
  "props": [
    {
      "type": "handle:AIArgumentMapping",
      "name": "workspotData",
      "flags": 6627016709
    },
    {
      "type": "handle:AIArgumentMapping",
      "name": "spotInstance",
      "flags": 6627016709
    },
    {
      "type": "handle:AIArgumentMapping",
      "name": "jumpToEntry",
      "flags": 6627016709
    },
    {
      "type": "handle:AIArgumentMapping",
      "name": "entryId",
      "flags": 6627016709
    }
  ]
}
