{
  "name": "AIbehaviorUniqueActiveCommandList",
  "flags": 2,
  "funcs": [
    {
      "fullName": "Add",
      "shortName": "Add",
      "index": 14001,
      "flags": 3,
      "params": [
        {
          "type": "script_ref:AIbehaviorUniqueActiveCommandList",
          "name": "list",
          "flags": 128
        },
        {
          "type": "handle:AICommand",
          "name": "command",
          "flags": 128
        }
      ]
    },
    {
      "fullName": "ClearActionCommand",
      "shortName": "ClearActionCommand",
      "index": 14004,
      "flags": 3,
      "params": [
        {
          "type": "script_ref:AIbehaviorUniqueActiveCommandList",
          "name": "list",
          "flags": 128
        },
        {
          "type": "CName",
          "name": "commandName",
          "flags": 128
        }
      ]
    },
    {
      "fullName": "Contains",
      "shortName": "Contains",
      "return": {
        "type": "Bool",
        "flags": 64
      },
      "index": 14007,
      "flags": 3,
      "params": [
        {
          "type": "script_ref:AIbehaviorUniqueActiveCommandList",
          "name": "list",
          "flags": 128
        },
        {
          "type": "CName",
          "name": "command",
          "flags": 128
        }
      ]
    },
    {
      "fullName": "ContainsById",
      "shortName": "ContainsById",
      "return": {
        "type": "Bool",
        "flags": 64
      },
      "index": 14008,
      "flags": 3,
      "params": [
        {
          "type": "script_ref:AIbehaviorUniqueActiveCommandList",
          "name": "list",
          "flags": 128
        },
        {
          "type": "Uint32",
          "name": "commandId",
          "flags": 128
        }
      ]
    },
    {
      "fullName": "GetId",
      "shortName": "GetId",
      "return": {
        "type": "Bool",
        "flags": 64
      },
      "index": 14009,
      "flags": 3,
      "params": [
        {
          "type": "script_ref:AIbehaviorUniqueActiveCommandList",
          "name": "list",
          "flags": 128
        },
        {
          "type": "CName",
          "name": "command",
          "flags": 128
        },
        {
          "type": "Uint32",
          "name": "id",
          "flags": 640
        }
      ]
    },
    {
      "fullName": "IsActionCommandById",
      "shortName": "IsActionCommandById",
      "return": {
        "type": "Bool",
        "flags": 64
      },
      "index": 14006,
      "flags": 3,
      "params": [
        {
          "type": "script_ref:AIbehaviorUniqueActiveCommandList",
          "name": "list",
          "flags": 128
        },
        {
          "type": "Uint32",
          "name": "commandId",
          "flags": 128
        }
      ]
    },
    {
      "fullName": "IsActionCommandByName",
      "shortName": "IsActionCommandByName",
      "return": {
        "type": "Bool",
        "flags": 64
      },
      "index": 14005,
      "flags": 3,
      "params": [
        {
          "type": "script_ref:AIbehaviorUniqueActiveCommandList",
          "name": "list",
          "flags": 128
        },
        {
          "type": "CName",
          "name": "commandName",
          "flags": 128
        }
      ]
    },
    {
      "fullName": "Remove",
      "shortName": "Remove",
      "index": 14002,
      "flags": 3,
      "params": [
        {
          "type": "script_ref:AIbehaviorUniqueActiveCommandList",
          "name": "list",
          "flags": 128
        },
        {
          "type": "CName",
          "name": "commandName",
          "flags": 128
        }
      ]
    },
    {
      "fullName": "Size",
      "shortName": "Size",
      "return": {
        "type": "Int32",
        "flags": 64
      },
      "index": 14000,
      "flags": 3,
      "params": [
        {
          "type": "script_ref:AIbehaviorUniqueActiveCommandList",
          "name": "list",
          "flags": 128
        }
      ]
    },
    {
      "fullName": "TrackActionCommand",
      "shortName": "TrackActionCommand",
      "index": 14003,
      "flags": 3,
      "params": [
        {
          "type": "script_ref:AIbehaviorUniqueActiveCommandList",
          "name": "list",
          "flags": 128
        },
        {
          "type": "CName",
          "name": "commandName",
          "flags": 128
        }
      ]
    }
  ]
}
