{
  "parent": "AIbehaviorActionTreeNodeDefinition",
  "name": "AIbehaviorMoveAlongTrafficPathActionNodeDefinition",
  "flags": 2,
  "props": [
    {
      "type": "handle:AIArgumentMapping",
      "name": "joinTrafficSettings",
      "group": "Inputs",
      "flags": 6627016709
    },
    {
      "type": "handle:AIArgumentMapping",
      "name": "ignoreTrafficSpots",
      "group": "Inputs",
      "flags": 6627016709
    },
    {
      "type": "handle:AIArgumentMapping",
      "name": "useCrowdAnimationGraph",
      "group": "Inputs",
      "flags": 6627016709
    },
    {
      "type": "handle:AIArgumentMapping",
      "name": "workspotData",
      "group": "Outputs",
      "flags": 6627016709
    },
    {
      "type": "handle:AIArgumentMapping",
      "name": "workspotExitPositionWS",
      "group": "Outputs",
      "flags": 6627016709
    },
    {
      "type": "handle:AIArgumentMapping",
      "name": "workspotReturnPositionVector",
      "group": "Outputs",
      "flags": 6627016709
    },
    {
      "type": "handle:AIArgumentMapping",
      "name": "workspotExitTangent",
      "group": "Outputs",
      "flags": 6627016709
    },
    {
      "type": "handle:AIArgumentMapping",
      "name": "trafficLaneReturnTangent",
      "group": "Outputs",
      "flags": 6627016709
    },
    {
      "type": "handle:AIArgumentMapping",
      "name": "trafficLaneExitTangent",
      "group": "Outputs",
      "flags": 6627016709
    }
  ]
}
