{
  "parent": "AIbehaviorTaskDefinition",
  "name": "AIbehaviorFindAlertedWorkspotTaskDefinition",
  "flags": 2,
  "props": [
    {
      "type": "handle:AIArgumentMapping",
      "name": "usedTokens",
      "flags": 6627016709
    },
    {
      "type": "handle:AIArgumentMapping",
      "name": "spots",
      "flags": 6627016709
    },
    {
      "type": "handle:AIArgumentMapping",
      "name": "radius",
      "flags": 6627016709
    },
    {
      "type": "handle:AIArgumentMapping",
      "name": "outWorkspotData",
      "flags": 6627016709
    }
  ]
}
