{
  "parent": "AIbehaviorActionTreeNodeDefinition",
  "name": "AIbehaviorActionMoveOnSplineNodeDefinition",
  "flags": 2,
  "props": [
    {
      "type": "handle:AIArgumentMapping",
      "name": "spline",
      "flags": 6627016709
    },
    {
      "type": "handle:AIArgumentMapping",
      "name": "strafingTarget",
      "flags": 6627016709
    },
    {
      "type": "handle:AIArgumentMapping",
      "name": "movementType",
      "flags": 6627016709
    },
    {
      "type": "handle:AIArgumentMapping",
      "name": "ignoreNavigation",
      "flags": 6627016709
    },
    {
      "type": "handle:AIArgumentMapping",
      "name": "snapToTerrain",
      "flags": 6627016709
    },
    {
      "type": "handle:AIArgumentMapping",
      "name": "rotateEntity",
      "flags": 6627016709
    },
    {
      "type": "handle:AIArgumentMapping",
      "name": "startFromClosestPoint",
      "flags": 6627016709
    },
    {
      "type": "handle:AIArgumentMapping",
      "name": "splineRecalculation",
      "flags": 6627016709
    },
    {
      "type": "handle:AIArgumentMapping",
      "name": "useStart",
      "flags": 6627016709
    },
    {
      "type": "handle:AIArgumentMapping",
      "name": "useStop",
      "flags": 6627016709
    },
    {
      "type": "handle:AIArgumentMapping",
      "name": "reverse",
      "flags": 6627016709
    },
    {
      "type": "handle:AIArgumentMapping",
      "name": "isBackAndForth",
      "flags": 6627016709
    },
    {
      "type": "handle:AIArgumentMapping",
      "name": "isInfinite",
      "flags": 6627016709
    },
    {
      "type": "handle:AIArgumentMapping",
      "name": "numberOfLoops",
      "flags": 6627016709
    },
    {
      "type": "handle:AIArgumentMapping",
      "name": "useOffMeshLinkReservation",
      "flags": 6627016709
    },
    {
      "type": "handle:AIArgumentMapping",
      "name": "disableFootIK",
      "flags": 6627016709
    },
    {
      "type": "handle:AIArgumentMapping",
      "name": "allowCrowdOnPath",
      "flags": 6627016709
    }
  ]
}
