{
  "parent": "AIbehaviorActionTreeNodeDefinition",
  "name": "AIbehaviorActionMoveTreeNodeDefinition",
  "flags": 2,
  "props": [
    {
      "type": "handle:AIArgumentMapping",
      "name": "movementTarget",
      "flags": 6627016709
    },
    {
      "type": "handle:AIArgumentMapping",
      "name": "lookAtTarget",
      "flags": 6627016709
    },
    {
      "type": "handle:AIArgumentMapping",
      "name": "movementType",
      "flags": 6627016709
    },
    {
      "type": "handle:AIArgumentMapping",
      "name": "tolerance",
      "flags": 6627016709
    },
    {
      "type": "handle:AIArgumentMapping",
      "name": "ignoreNavigation",
      "flags": 6627016709
    },
    {
      "type": "handle:AIArgumentMapping",
      "name": "rotateEntity",
      "flags": 6627016709
    },
    {
      "type": "handle:AIArgumentMapping",
      "name": "useStart",
      "flags": 6627016709
    },
    {
      "type": "handle:AIArgumentMapping",
      "name": "useStop",
      "flags": 6627016709
    },
    {
      "type": "handle:AIArgumentMapping",
      "name": "destinationTangent",
      "flags": 6627016709
    },
    {
      "type": "handle:AIArgumentMapping",
      "name": "startTangent",
      "flags": 6627016709
    },
    {
      "type": "handle:AIArgumentMapping",
      "name": "spotReservation",
      "flags": 6627016709
    },
    {
      "type": "handle:AIArgumentMapping",
      "name": "ignoreRestrictedArea",
      "flags": 6627016709
    },
    {
      "type": "handle:AIArgumentMapping",
      "name": "ignoreCollisionsWhenCloseToTarget",
      "flags": 6627016709
    },
    {
      "type": "handle:AIArgumentMapping",
      "name": "failWhenStoppedByCollision",
      "flags": 6627016709
    }
  ]
}
