{
  "parent": "AIbehaviorTaskDefinition",
  "name": "AIbehaviorPickSearchDestinationTaskDefinition",
  "flags": 2,
  "props": [
    {
      "type": "handle:AIArgumentMapping",
      "name": "destinationPosition",
      "flags": 6627016709
    },
    {
      "type": "handle:AIArgumentMapping",
      "name": "desiredDistance",
      "flags": 6627016709
    },
    {
      "type": "handle:AIArgumentMapping",
      "name": "maxDistance",
      "flags": 6627016709
    },
    {
      "type": "handle:AIArgumentMapping",
      "name": "clearedAreaRadius",
      "flags": 6627016709
    },
    {
      "type": "handle:AIArgumentMapping",
      "name": "clearedAreaDistance",
      "flags": 6627016709
    },
    {
      "type": "handle:AIArgumentMapping",
      "name": "clearedAreaAngle",
      "flags": 6627016709
    },
    {
      "type": "handle:AIArgumentMapping",
      "name": "ignoreRestrictMovementArea",
      "flags": 6627016709
    }
  ]
}
