{
  "parent": "AIbehaviorScriptBase",
  "name": "AIbehaviorexpressionScript",
  "flags": 2,
  "funcs": [
    {
      "fullName": "MarkDirty",
      "shortName": "MarkDirty",
      "index": 14056,
      "flags": 1,
      "params": [
        {
          "type": "script_ref:AIbehaviorScriptExecutionContext",
          "name": "context",
          "flags": 128
        }
      ]
    },
    {
      "fullName": "OnBehaviorCallback;CNameScriptExecutionContext",
      "shortName": "OnBehaviorCallback",
      "return": {
        "type": "Bool",
        "flags": 64
      },
      "flags": 34048,
      "params": [
        {
          "type": "CName",
          "name": "cbName",
          "flags": 128
        },
        {
          "type": "AIbehaviorScriptExecutionContext",
          "name": "context",
          "flags": 128
        }
      ]
    }
  ]
}
