{
  "parent": "IScriptable",
  "name": "AIbehaviorSelectedCoversData",
  "flags": 2,
  "props": [
    {
      "type": "array:Uint64",
      "name": "selectedCovers",
      "flags": 6627016709
    },
    {
      "type": "array:gamedataAIRingType",
      "name": "coverRingTypes",
      "flags": 6627016709
    },
    {
      "type": "array:Bool",
      "name": "coversUseLOS",
      "flags": 6627016709
    },
    {
      "type": "array:CName",
      "name": "sourcePresetName",
      "flags": 6627016709
    }
  ]
}
