{
  "parent": "AIbehaviorPassiveExpressionDefinition",
  "name": "AIbehaviorMappingExpressionDefinition",
  "flags": 2,
  "props": [
    {
      "type": "handle:AIArgumentMapping",
      "name": "mapping",
      "flags": 6459244549
    },
    {
      "type": "Bool",
      "name": "update",
      "flags": 6627016705
    },
    {
      "type": "Float",
      "name": "updatePeriod",
      "flags": 6627016705
    },
    {
      "type": "array:CName",
      "name": "behaviorCallbackNames",
      "flags": 6631211009
    }
  ]
}
