{
  "name": "CensorshipFlags",
  "members": [
    {
      "name": "Censor_Nudity",
      "bit": 0
    },
    {
      "name": "Censor_OverSexualised",
      "bit": 1
    },
    {
      "name": "Censor_Suggestive",
      "bit": 2
    },
    {
      "name": "Censor_Homosexuality",
      "bit": 3
    },
    {
      "name": "Censor_Gore",
      "bit": 4
    },
    {
      "name": "Censor_Drugs",
      "bit": 5
    },
    {
      "name": "Censor_Religion",
      "bit": 6
    },
    {
      "name": "Censor_Chinese",
      "bit": 7
    }
  ]
}
