{
  "name": "EMeshChunkRenderMask",
  "members": [
    {
      "name": "MCR_Scene",
      "bit": 0
    },
    {
      "name": "MCR_Cascade1",
      "bit": 1
    },
    {
      "name": "MCR_Cascade2",
      "bit": 2
    },
    {
      "name": "MCR_Cascade3",
      "bit": 3
    },
    {
      "name": "MCR_Cascade4",
      "bit": 4
    },
    {
      "name": "MCR_LocalShadows",
      "bit": 5
    },
    {
      "name": "MCR_IsTwoSided",
      "bit": 6
    },
    {
      "name": "MCR_DistantShadows",
      "bit": 7
    },
    {
      "name": "MCR_IsRayTracedEmissive",
      "bit": 8
    },
    {
      "name": "MCR_PrefabProxy",
      "bit": 11
    },
    {
      "name": "MCR_Cascades",
      "bit": 12
    }
  ]
}
