{
  "name": "EMeshChunkFlags",
  "members": [
    {
      "name": "MCF_RenderInScene",
      "bit": 0
    },
    {
      "name": "MCF_RenderInShadows",
      "bit": 1
    },
    {
      "name": "MCF_IsTwoSided",
      "bit": 2
    },
    {
      "name": "MCF_IsRayTracedEmissive",
      "bit": 3
    },
    {
      "name": "MCF_IsPrefabProxy",
      "bit": 6
    },
    {
      "name": "MCF_ConsoleLOD0",
      "bit": 9
    },
    {
      "name": "MCF_SkipDynamicDecalGeneration",
      "bit": 10
    }
  ]
}
