{
  "name": "entdismembermentResourceSetMask",
  "members": [
    {
      "name": "BARE",
      "bit": 0
    },
    {
      "name": "BARE1",
      "bit": 1
    },
    {
      "name": "BARE2",
      "bit": 2
    },
    {
      "name": "BARE3",
      "bit": 3
    },
    {
      "name": "GARMENT",
      "bit": 4
    },
    {
      "name": "GARMENT1",
      "bit": 5
    },
    {
      "name": "GARMENT2",
      "bit": 6
    },
    {
      "name": "GARMENT3",
      "bit": 7
    },
    {
      "name": "CYBER",
      "bit": 8
    },
    {
      "name": "CYBER1",
      "bit": 9
    },
    {
      "name": "CYBER2",
      "bit": 10
    },
    {
      "name": "CYBER3",
      "bit": 11
    },
    {
      "name": "MIXED",
      "bit": 12
    },
    {
      "name": "MIXED1",
      "bit": 13
    },
    {
      "name": "MIXED2",
      "bit": 14
    },
    {
      "name": "MIXED3",
      "bit": 15
    }
  ]
}
