{
  "name": "gameuiContext",
  "members": [
    {
      "name": "Default",
      "bit": 0
    },
    {
      "name": "QuickHack",
      "bit": 1
    },
    {
      "name": "Scanning",
      "bit": 2
    },
    {
      "name": "DeviceZoom",
      "bit": 3
    },
    {
      "name": "BraindanceEditor",
      "bit": 4
    },
    {
      "name": "BraindancePlayback",
      "bit": 5
    },
    {
      "name": "VehicleMounted",
      "bit": 6
    },
    {
      "name": "ModalPopup",
      "bit": 7
    },
    {
      "name": "RadialWheel",
      "bit": 8
    },
    {
      "name": "VehicleRace",
      "bit": 9
    },
    {
      "name": "Berserk",
      "bit": 10
    },
    {
      "name": "CinematicCamera",
      "bit": 11
    },
    {
      "name": "Empty",
      "bit": 12
    },
    {
      "name": "DelamainTaxi",
      "bit": 13
    },
    {
      "name": "MAX",
      "bit": 31
    }
  ]
}
