{
  "name": "gametargetingSystemAimAssistFilter",
  "members": [
    {
      "name": "Melee",
      "bit": 0
    },
    {
      "name": "Shooting",
      "bit": 1
    },
    {
      "name": "Scanning",
      "bit": 2
    },
    {
      "name": "QuickHack",
      "bit": 3
    },
    {
      "name": "ShootingLimbCyber",
      "bit": 4
    },
    {
      "name": "HeadTarget",
      "bit": 5
    },
    {
      "name": "LegTarget",
      "bit": 6
    },
    {
      "name": "MechanicalTarget",
      "bit": 7
    },
    {
      "name": "DriverCombat",
      "bit": 8
    },
    {
      "name": "BreachTarget",
      "bit": 9
    }
  ]
}
