{
  "name": "physicsRagdollBodyPartE",
  "members": [
    {
      "name": "HEAD",
      "bit": 0
    },
    {
      "name": "LARM_UPPER",
      "bit": 1
    },
    {
      "name": "LARM_LOWER",
      "bit": 2
    },
    {
      "name": "LARM_PALM",
      "bit": 3
    },
    {
      "name": "RARM_UPPER",
      "bit": 4
    },
    {
      "name": "RARM_LOWER",
      "bit": 5
    },
    {
      "name": "RARM_PALM",
      "bit": 6
    },
    {
      "name": "LLEG_UPPER",
      "bit": 7
    },
    {
      "name": "LLEG_LOWER",
      "bit": 8
    },
    {
      "name": "LLEG_FOOT",
      "bit": 9
    },
    {
      "name": "RLEG_UPPER",
      "bit": 10
    },
    {
      "name": "RLEG_LOWER",
      "bit": 11
    },
    {
      "name": "RLEG_FOOT",
      "bit": 12
    },
    {
      "name": "BODY",
      "bit": 13
    }
  ]
}
