{
  "name": "physicsDestructionType",
  "members": [
    {
      "name": "DT_PhysicalNode",
      "bit": 0
    },
    {
      "name": "DT_PhysicalComponent",
      "bit": 1
    },
    {
      "name": "DT_BakedNode",
      "bit": 2
    },
    {
      "name": "DT_BakedComponent",
      "bit": 3
    },
    {
      "name": "DT_IDN",
      "bit": 4
    },
    {
      "name": "DT_FoliageDestruction",
      "bit": 5
    },
    {
      "name": "DT_QuestComponent",
      "bit": 6
    },
    {
      "name": "DT_QuestNode",
      "bit": 7
    }
  ]
}
