{
  "name": "rendLightChannel",
  "members": [
    {
      "name": "LC_Channel1",
      "bit": 0
    },
    {
      "name": "LC_Channel2",
      "bit": 1
    },
    {
      "name": "LC_Channel3",
      "bit": 2
    },
    {
      "name": "LC_Channel4",
      "bit": 3
    },
    {
      "name": "LC_Channel5",
      "bit": 4
    },
    {
      "name": "LC_Channel6",
      "bit": 5
    },
    {
      "name": "LC_Channel7",
      "bit": 6
    },
    {
      "name": "LC_Channel8",
      "bit": 7
    },
    {
      "name": "LC_ChannelWorld",
      "bit": 8
    },
    {
      "name": "LC_Character",
      "bit": 9
    },
    {
      "name": "LC_Player",
      "bit": 10
    },
    {
      "name": "LC_Automated",
      "bit": 15
    }
  ]
}
