{
  "name": "TriggerChannel",
  "members": [
    {
      "name": "TC_Default",
      "bit": 0
    },
    {
      "name": "TC_Player",
      "bit": 1
    },
    {
      "name": "TC_Camera",
      "bit": 2
    },
    {
      "name": "TC_Human",
      "bit": 3
    },
    {
      "name": "TC_SoundReverbArea",
      "bit": 4
    },
    {
      "name": "TC_SoundAmbientArea",
      "bit": 5
    },
    {
      "name": "TC_Quest",
      "bit": 6
    },
    {
      "name": "TC_Projectiles",
      "bit": 7
    },
    {
      "name": "TC_Vehicle",
      "bit": 8
    },
    {
      "name": "TC_Environment",
      "bit": 9
    },
    {
      "name": "TC_WaterNullArea",
      "bit": 10
    },
    {
      "name": "TC_Custom0",
      "bit": 16
    },
    {
      "name": "TC_Custom1",
      "bit": 17
    },
    {
      "name": "TC_Custom2",
      "bit": 18
    },
    {
      "name": "TC_Custom3",
      "bit": 19
    },
    {
      "name": "TC_Custom4",
      "bit": 20
    },
    {
      "name": "TC_Custom5",
      "bit": 21
    },
    {
      "name": "TC_Custom6",
      "bit": 22
    },
    {
      "name": "TC_Custom7",
      "bit": 23
    },
    {
      "name": "TC_Custom8",
      "bit": 24
    },
    {
      "name": "TC_Custom9",
      "bit": 25
    },
    {
      "name": "TC_Custom10",
      "bit": 26
    },
    {
      "name": "TC_Custom11",
      "bit": 27
    },
    {
      "name": "TC_Custom12",
      "bit": 28
    },
    {
      "name": "TC_Custom13",
      "bit": 29
    },
    {
      "name": "TC_Custom14",
      "bit": 30
    }
  ]
}
